edicao,genero,variavel,valor,contagem,total_respondentes,pct_na_dimensao
2023-2024,Feminino,cargo_atual,Analista de BI/BI Analyst,108,943,11.5
2023-2024,Feminino,cargo_atual,Analista de Dados/Data Analyst,259,943,27.5
2023-2024,Feminino,cargo_atual,Analista de Inteligência de Mercado/Market Intelligence,14,943,1.5
2023-2024,Feminino,cargo_atual,Analista de Negócios/Business Analyst,67,943,7.1
2023-2024,Feminino,cargo_atual,Analista de Suporte/Analista Técnico,17,943,1.8
2023-2024,Feminino,cargo_atual,Analytics Engineer,33,943,3.5
2023-2024,Feminino,cargo_atual,Cientista de Dados/Data Scientist,154,943,16.3
2023-2024,Feminino,cargo_atual,DBA/Administrador de Banco de Dados,5,943,0.5
2023-2024,Feminino,cargo_atual,Data Product Manager/ Product Manager (PM/APM/DPM/GPM/PO),31,943,3.3
2023-2024,Feminino,cargo_atual,Desenvolvedor/ Engenheiro de Software/ Analista de Sistemas,21,943,2.2
2023-2024,Feminino,cargo_atual,Economista,1,943,0.1
2023-2024,Feminino,cargo_atual,Engenheiro de Dados/Arquiteto de Dados/Data Engineer/Data Architect,125,943,13.3
2023-2024,Feminino,cargo_atual,Engenheiro de Machine Learning/ML Engineer/AI Engineer,9,943,1.0
2023-2024,Feminino,cargo_atual,Estatístico,6,943,0.6
2023-2024,Feminino,cargo_atual,Outra Opção,81,943,8.6
2023-2024,Feminino,cargo_atual,Outras Engenharias (não inclui dev),7,943,0.7
2023-2024,Feminino,cargo_atual,Professor/Pesquisador,5,943,0.5
2023-2024,Masculino,cargo_atual,Analista de BI/BI Analyst,397,2896,13.7
2023-2024,Masculino,cargo_atual,Analista de Dados/Data Analyst,645,2896,22.3
2023-2024,Masculino,cargo_atual,Analista de Inteligência de Mercado/Market Intelligence,25,2896,0.9
2023-2024,Masculino,cargo_atual,Analista de Negócios/Business Analyst,128,2896,4.4
2023-2024,Masculino,cargo_atual,Analista de Suporte/Analista Técnico,55,2896,1.9
2023-2024,Masculino,cargo_atual,Analytics Engineer,105,2896,3.6
2023-2024,Masculino,cargo_atual,Cientista de Dados/Data Scientist,528,2896,18.2
2023-2024,Masculino,cargo_atual,DBA/Administrador de Banco de Dados,15,2896,0.5
2023-2024,Masculino,cargo_atual,Data Product Manager/ Product Manager (PM/APM/DPM/GPM/PO),50,2896,1.7
2023-2024,Masculino,cargo_atual,Desenvolvedor/ Engenheiro de Software/ Analista de Sistemas,84,2896,2.9
2023-2024,Masculino,cargo_atual,Economista,4,2896,0.1
2023-2024,Masculino,cargo_atual,Engenheiro de Dados/Arquiteto de Dados/Data Engineer/Data Architect,557,2896,19.2
2023-2024,Masculino,cargo_atual,Engenheiro de Machine Learning/ML Engineer/AI Engineer,64,2896,2.2
2023-2024,Masculino,cargo_atual,Estatístico,13,2896,0.4
2023-2024,Masculino,cargo_atual,Outra Opção,179,2896,6.2
2023-2024,Masculino,cargo_atual,Outras Engenharias (não inclui dev),24,2896,0.8
2023-2024,Masculino,cargo_atual,Professor/Pesquisador,23,2896,0.8
2023-2024,Outro,cargo_atual,Analista de BI/BI Analyst,1,7,14.3
2023-2024,Outro,cargo_atual,Analista de Dados/Data Analyst,2,7,28.6
2023-2024,Outro,cargo_atual,Analytics Engineer,1,7,14.3
2023-2024,Outro,cargo_atual,Engenheiro de Machine Learning/ML Engineer/AI Engineer,1,7,14.3
2023-2024,Outro,cargo_atual,Outra Opção,2,7,28.6
2023-2024,Prefiro não informar,cargo_atual,Analista de Dados/Data Analyst,1,11,9.1
2023-2024,Prefiro não informar,cargo_atual,Cientista de Dados/Data Scientist,5,11,45.5
2023-2024,Prefiro não informar,cargo_atual,Engenheiro de Dados/Arquiteto de Dados/Data Engineer/Data Architect,2,11,18.2
2023-2024,Prefiro não informar,cargo_atual,Engenheiro de Machine Learning/ML Engineer/AI Engineer,1,11,9.1
2023-2024,Prefiro não informar,cargo_atual,Estatístico,2,11,18.2
2024-2025,Feminino,cargo_atual,Analista de BI/BI Analyst,94,943,10.0
2024-2025,Feminino,cargo_atual,Analista de Dados/Data Analyst,286,943,30.3
2024-2025,Feminino,cargo_atual,Analista de Negócios/Business Analyst,61,943,6.5
2024-2025,Feminino,cargo_atual,Analista de Suporte/Analista Técnico,19,943,2.0
2024-2025,Feminino,cargo_atual,Analytics Engineer,62,943,6.6
2024-2025,Feminino,cargo_atual,Arquiteto de Dados/Data Architect,7,943,0.7
2024-2025,Feminino,cargo_atual,Cientista de Dados/Data Scientist,161,943,17.1
2024-2025,Feminino,cargo_atual,Data Product Manager/ Product Manager (PM/APM/DPM/GPM/PO),35,943,3.7
2024-2025,Feminino,cargo_atual,Desenvolvedor/ Engenheiro de Software/ Analista de Sistemas,20,943,2.1
2024-2025,Feminino,cargo_atual,Engenheiro de Dados/Data Engineer/Data Architect,85,943,9.0
2024-2025,Feminino,cargo_atual,Engenheiro de Machine Learning/ML Engineer/AI Engineer,22,943,2.3
2024-2025,Feminino,cargo_atual,Estatístico,5,943,0.5
2024-2025,Feminino,cargo_atual,Outra Opção,79,943,8.4
2024-2025,Feminino,cargo_atual,Outras Engenharias (não inclui dev),3,943,0.3
2024-2025,Feminino,cargo_atual,Professor/Pesquisador,4,943,0.4
2024-2025,Masculino,cargo_atual,Analista de BI/BI Analyst,301,2858,10.5
2024-2025,Masculino,cargo_atual,Analista de Dados/Data Analyst,670,2858,23.4
2024-2025,Masculino,cargo_atual,Analista de Negócios/Business Analyst,121,2858,4.2
2024-2025,Masculino,cargo_atual,Analista de Suporte/Analista Técnico,59,2858,2.1
2024-2025,Masculino,cargo_atual,Analytics Engineer,163,2858,5.7
2024-2025,Masculino,cargo_atual,Arquiteto de Dados/Data Architect,41,2858,1.4
2024-2025,Masculino,cargo_atual,Cientista de Dados/Data Scientist,521,2858,18.2
2024-2025,Masculino,cargo_atual,Data Product Manager/ Product Manager (PM/APM/DPM/GPM/PO),45,2858,1.6
2024-2025,Masculino,cargo_atual,Desenvolvedor/ Engenheiro de Software/ Analista de Sistemas,102,2858,3.6
2024-2025,Masculino,cargo_atual,Engenheiro de Dados/Data Engineer/Data Architect,524,2858,18.3
2024-2025,Masculino,cargo_atual,Engenheiro de Machine Learning/ML Engineer/AI Engineer,81,2858,2.8
2024-2025,Masculino,cargo_atual,Estatístico,12,2858,0.4
2024-2025,Masculino,cargo_atual,Outra Opção,175,2858,6.1
2024-2025,Masculino,cargo_atual,Outras Engenharias (não inclui dev),26,2858,0.9
2024-2025,Masculino,cargo_atual,Professor/Pesquisador,17,2858,0.6
2024-2025,Outro,cargo_atual,Analytics Engineer,1,5,20.0
2024-2025,Outro,cargo_atual,Cientista de Dados/Data Scientist,3,5,60.0
2024-2025,Outro,cargo_atual,Engenheiro de Dados/Data Engineer/Data Architect,1,5,20.0
2024-2025,Prefiro não informar,cargo_atual,Analista de BI/BI Analyst,1,12,8.3
2024-2025,Prefiro não informar,cargo_atual,Analista de Dados/Data Analyst,1,12,8.3
2024-2025,Prefiro não informar,cargo_atual,Analista de Negócios/Business Analyst,2,12,16.7
2024-2025,Prefiro não informar,cargo_atual,Analista de Suporte/Analista Técnico,1,12,8.3
2024-2025,Prefiro não informar,cargo_atual,Analytics Engineer,2,12,16.7
2024-2025,Prefiro não informar,cargo_atual,Cientista de Dados/Data Scientist,2,12,16.7
2024-2025,Prefiro não informar,cargo_atual,Engenheiro de Dados/Data Engineer/Data Architect,3,12,25.0
2025-2026,Feminino,cargo_atual,Analista de BI/BI Analyst,49,568,8.6
2025-2026,Feminino,cargo_atual,Analista de Dados/Data Analyst,147,568,25.9
2025-2026,Feminino,cargo_atual,Analista de Negócios/Business Analyst,39,568,6.9
2025-2026,Feminino,cargo_atual,Analista de Suporte/Analista Técnico,8,568,1.4
2025-2026,Feminino,cargo_atual,Analytics Engineer,34,568,6.0
2025-2026,Feminino,cargo_atual,Arquiteto de Dados/Data Architect,3,568,0.5
2025-2026,Feminino,cargo_atual,Cientista de Dados/Data Scientist,95,568,16.7
2025-2026,Feminino,cargo_atual,Data Product Manager/ Product Manager (PM/APM/DPM/GPM/PO),14,568,2.5
2025-2026,Feminino,cargo_atual,Desenvolvedor/ Engenheiro de Software/ Analista de Sistemas,22,568,3.9
2025-2026,Feminino,cargo_atual,Engenheiro de Dados/Data Engineer/Data Architect,73,568,12.9
2025-2026,Feminino,cargo_atual,Engenheiro de Machine Learning/ML Engineer/AI Engineer,16,568,2.8
2025-2026,Feminino,cargo_atual,Estatístico,3,568,0.5
2025-2026,Feminino,cargo_atual,Outra Opção,58,568,10.2
2025-2026,Feminino,cargo_atual,Outras Engenharias (não inclui dev),1,568,0.2
2025-2026,Feminino,cargo_atual,Professor/Pesquisador,6,568,1.1
2025-2026,Masculino,cargo_atual,Analista de BI/BI Analyst,162,1917,8.5
2025-2026,Masculino,cargo_atual,Analista de Dados/Data Analyst,450,1917,23.5
2025-2026,Masculino,cargo_atual,Analista de Negócios/Business Analyst,101,1917,5.3
2025-2026,Masculino,cargo_atual,Analista de Suporte/Analista Técnico,46,1917,2.4
2025-2026,Masculino,cargo_atual,Analytics Engineer,100,1917,5.2
2025-2026,Masculino,cargo_atual,Arquiteto de Dados/Data Architect,25,1917,1.3
2025-2026,Masculino,cargo_atual,Cientista de Dados/Data Scientist,325,1917,17.0
2025-2026,Masculino,cargo_atual,Data Product Manager/ Product Manager (PM/APM/DPM/GPM/PO),19,1917,1.0
2025-2026,Masculino,cargo_atual,Desenvolvedor/ Engenheiro de Software/ Analista de Sistemas,84,1917,4.4
2025-2026,Masculino,cargo_atual,Engenheiro de Dados/Data Engineer/Data Architect,328,1917,17.1
2025-2026,Masculino,cargo_atual,Engenheiro de Machine Learning/ML Engineer/AI Engineer,89,1917,4.6
2025-2026,Masculino,cargo_atual,Estatístico,6,1917,0.3
2025-2026,Masculino,cargo_atual,Outra Opção,147,1917,7.7
2025-2026,Masculino,cargo_atual,Outras Engenharias (não inclui dev),25,1917,1.3
2025-2026,Masculino,cargo_atual,Professor/Pesquisador,10,1917,0.5
2025-2026,Outro,cargo_atual,Analista de BI/BI Analyst,2,7,28.6
2025-2026,Outro,cargo_atual,Analista de Dados/Data Analyst,2,7,28.6
2025-2026,Outro,cargo_atual,Analista de Negócios/Business Analyst,1,7,14.3
2025-2026,Outro,cargo_atual,Analista de Suporte/Analista Técnico,1,7,14.3
2025-2026,Outro,cargo_atual,Cientista de Dados/Data Scientist,1,7,14.3
2025-2026,Prefiro não informar,cargo_atual,Analista de BI/BI Analyst,2,9,22.2
2025-2026,Prefiro não informar,cargo_atual,Analytics Engineer,1,9,11.1
2025-2026,Prefiro não informar,cargo_atual,Cientista de Dados/Data Scientist,3,9,33.3
2025-2026,Prefiro não informar,cargo_atual,Engenheiro de Dados/Data Engineer/Data Architect,1,9,11.1
2025-2026,Prefiro não informar,cargo_atual,Engenheiro de Machine Learning/ML Engineer/AI Engineer,1,9,11.1
2025-2026,Prefiro não informar,cargo_atual,Outra Opção,1,9,11.1
2023-2024,Feminino,nivel,Júnior,299,943,31.7
2023-2024,Feminino,nivel,Pleno,337,943,35.7
2023-2024,Feminino,nivel,Sênior,307,943,32.6
2023-2024,Masculino,nivel,Júnior,743,2896,25.7
2023-2024,Masculino,nivel,Pleno,1047,2896,36.2
2023-2024,Masculino,nivel,Sênior,1106,2896,38.2
2023-2024,Outro,nivel,Júnior,1,7,14.3
2023-2024,Outro,nivel,Pleno,4,7,57.1
2023-2024,Outro,nivel,Sênior,2,7,28.6
2023-2024,Prefiro não informar,nivel,Júnior,3,11,27.3
2023-2024,Prefiro não informar,nivel,Pleno,4,11,36.4
2023-2024,Prefiro não informar,nivel,Sênior,4,11,36.4
2024-2025,Feminino,nivel,Júnior,242,943,25.7
2024-2025,Feminino,nivel,Pleno,366,943,38.8
2024-2025,Feminino,nivel,Sênior,335,943,35.5
2024-2025,Masculino,nivel,Júnior,623,2858,21.8
2024-2025,Masculino,nivel,Pleno,1006,2858,35.2
2024-2025,Masculino,nivel,Sênior,1229,2858,43.0
2024-2025,Outro,nivel,Pleno,2,5,40.0
2024-2025,Outro,nivel,Sênior,3,5,60.0
2024-2025,Prefiro não informar,nivel,Júnior,3,12,25.0
2024-2025,Prefiro não informar,nivel,Pleno,3,12,25.0
2024-2025,Prefiro não informar,nivel,Sênior,6,12,50.0
2025-2026,Feminino,nivel,Especialista/Staff+,70,568,12.3
2025-2026,Feminino,nivel,Júnior,146,568,25.7
2025-2026,Feminino,nivel,Pleno,174,568,30.6
2025-2026,Feminino,nivel,Sênior,178,568,31.3
2025-2026,Masculino,nivel,Especialista/Staff+,276,1917,14.4
2025-2026,Masculino,nivel,Júnior,367,1917,19.1
2025-2026,Masculino,nivel,Pleno,599,1917,31.2
2025-2026,Masculino,nivel,Sênior,675,1917,35.2
2025-2026,Outro,nivel,Especialista/Staff+,1,7,14.3
2025-2026,Outro,nivel,Júnior,2,7,28.6
2025-2026,Outro,nivel,Pleno,1,7,14.3
2025-2026,Outro,nivel,Sênior,3,7,42.9
2025-2026,Prefiro não informar,nivel,Especialista/Staff+,2,9,22.2
2025-2026,Prefiro não informar,nivel,Júnior,3,9,33.3
2025-2026,Prefiro não informar,nivel,Pleno,2,9,22.2
2025-2026,Prefiro não informar,nivel,Sênior,2,9,22.2
2023-2024,Feminino,faixa_salarial,Acima de R$ 40.001/mês,11,1111,1.0
2023-2024,Feminino,faixa_salarial,Menos de R$ 1.000/mês,10,1111,0.9
2023-2024,Feminino,faixa_salarial,de R$ 1.001/mês a R$ 2.000/mês,72,1111,6.5
2023-2024,Feminino,faixa_salarial,de R$ 12.001/mês a R$ 16.000/mês,148,1111,13.3
2023-2024,Feminino,faixa_salarial,de R$ 16.001/mês a R$ 20.000/mês,56,1111,5.0
2023-2024,Feminino,faixa_salarial,de R$ 2.001/mês a R$ 3.000/mês,76,1111,6.8
2023-2024,Feminino,faixa_salarial,de R$ 20.001/mês a R$ 25.000/mês,22,1111,2.0
2023-2024,Feminino,faixa_salarial,de R$ 25.001/mês a R$ 30.000/mês,18,1111,1.6
2023-2024,Feminino,faixa_salarial,de R$ 3.001/mês a R$ 4.000/mês,95,1111,8.6
2023-2024,Feminino,faixa_salarial,de R$ 30.001/mês a R$ 40.000/mês,7,1111,0.6
2023-2024,Feminino,faixa_salarial,de R$ 4.001/mês a R$ 6.000/mês,181,1111,16.3
2023-2024,Feminino,faixa_salarial,de R$ 6.001/mês a R$ 8.000/mês,173,1111,15.6
2023-2024,Feminino,faixa_salarial,de R$ 8.001/mês a R$ 12.000/mês,242,1111,21.8
2023-2024,Masculino,faixa_salarial,Acima de R$ 40.001/mês,60,3622,1.7
2023-2024,Masculino,faixa_salarial,Menos de R$ 1.000/mês,20,3622,0.6
2023-2024,Masculino,faixa_salarial,de R$ 1.001/mês a R$ 2.000/mês,142,3622,3.9
2023-2024,Masculino,faixa_salarial,de R$ 101/mês a R$ 2.000/mês,1,3622,0.0
2023-2024,Masculino,faixa_salarial,de R$ 12.001/mês a R$ 16.000/mês,500,3622,13.8
2023-2024,Masculino,faixa_salarial,de R$ 16.001/mês a R$ 20.000/mês,272,3622,7.5
2023-2024,Masculino,faixa_salarial,de R$ 2.001/mês a R$ 3.000/mês,211,3622,5.8
2023-2024,Masculino,faixa_salarial,de R$ 20.001/mês a R$ 25.000/mês,173,3622,4.8
2023-2024,Masculino,faixa_salarial,de R$ 25.001/mês a R$ 30.000/mês,110,3622,3.0
2023-2024,Masculino,faixa_salarial,de R$ 3.001/mês a R$ 4.000/mês,256,3622,7.1
2023-2024,Masculino,faixa_salarial,de R$ 30.001/mês a R$ 40.000/mês,77,3622,2.1
2023-2024,Masculino,faixa_salarial,de R$ 4.001/mês a R$ 6.000/mês,561,3622,15.5
2023-2024,Masculino,faixa_salarial,de R$ 6.001/mês a R$ 8.000/mês,458,3622,12.6
2023-2024,Masculino,faixa_salarial,de R$ 8.001/mês a R$ 12.000/mês,781,3622,21.6
2023-2024,Outro,faixa_salarial,de R$ 1.001/mês a R$ 2.000/mês,1,7,14.3
2023-2024,Outro,faixa_salarial,de R$ 2.001/mês a R$ 3.000/mês,1,7,14.3
2023-2024,Outro,faixa_salarial,de R$ 4.001/mês a R$ 6.000/mês,1,7,14.3
2023-2024,Outro,faixa_salarial,de R$ 6.001/mês a R$ 8.000/mês,2,7,28.6
2023-2024,Outro,faixa_salarial,de R$ 8.001/mês a R$ 12.000/mês,2,7,28.6
2023-2024,Prefiro não informar,faixa_salarial,Acima de R$ 40.001/mês,1,13,7.7
2023-2024,Prefiro não informar,faixa_salarial,de R$ 12.001/mês a R$ 16.000/mês,2,13,15.4
2023-2024,Prefiro não informar,faixa_salarial,de R$ 3.001/mês a R$ 4.000/mês,1,13,7.7
2023-2024,Prefiro não informar,faixa_salarial,de R$ 30.001/mês a R$ 40.000/mês,2,13,15.4
2023-2024,Prefiro não informar,faixa_salarial,de R$ 4.001/mês a R$ 6.000/mês,2,13,15.4
2023-2024,Prefiro não informar,faixa_salarial,de R$ 6.001/mês a R$ 8.000/mês,4,13,30.8
2023-2024,Prefiro não informar,faixa_salarial,de R$ 8.001/mês a R$ 12.000/mês,1,13,7.7
2024-2025,Feminino,faixa_salarial,Acima de R$ 40.001/mês,8,1142,0.7
2024-2025,Feminino,faixa_salarial,Menos de R$ 1.000/mês,6,1142,0.5
2024-2025,Feminino,faixa_salarial,de R$ 1.001/mês a R$ 2.000/mês,59,1142,5.2
2024-2025,Feminino,faixa_salarial,de R$ 12.001/mês a R$ 16.000/mês,152,1142,13.3
2024-2025,Feminino,faixa_salarial,de R$ 16.001/mês a R$ 20.000/mês,88,1142,7.7
2024-2025,Feminino,faixa_salarial,de R$ 2.001/mês a R$ 3.000/mês,57,1142,5.0
2024-2025,Feminino,faixa_salarial,de R$ 20.001/mês a R$ 25.000/mês,32,1142,2.8
2024-2025,Feminino,faixa_salarial,de R$ 25.001/mês a R$ 30.000/mês,20,1142,1.8
2024-2025,Feminino,faixa_salarial,de R$ 3.001/mês a R$ 4.000/mês,64,1142,5.6
2024-2025,Feminino,faixa_salarial,de R$ 30.001/mês a R$ 40.000/mês,23,1142,2.0
2024-2025,Feminino,faixa_salarial,de R$ 4.001/mês a R$ 6.000/mês,156,1142,13.7
2024-2025,Feminino,faixa_salarial,de R$ 6.001/mês a R$ 8.000/mês,183,1142,16.0
2024-2025,Feminino,faixa_salarial,de R$ 8.001/mês a R$ 12.000/mês,294,1142,25.7
2024-2025,Masculino,faixa_salarial,Acima de R$ 40.001/mês,92,3700,2.5
2024-2025,Masculino,faixa_salarial,Menos de R$ 1.000/mês,27,3700,0.7
2024-2025,Masculino,faixa_salarial,de R$ 1.001/mês a R$ 2.000/mês,95,3700,2.6
2024-2025,Masculino,faixa_salarial,de R$ 12.001/mês a R$ 16.000/mês,563,3700,15.2
2024-2025,Masculino,faixa_salarial,de R$ 16.001/mês a R$ 20.000/mês,367,3700,9.9
2024-2025,Masculino,faixa_salarial,de R$ 2.001/mês a R$ 3.000/mês,179,3700,4.8
2024-2025,Masculino,faixa_salarial,de R$ 20.001/mês a R$ 25.000/mês,214,3700,5.8
2024-2025,Masculino,faixa_salarial,de R$ 25.001/mês a R$ 30.000/mês,139,3700,3.8
2024-2025,Masculino,faixa_salarial,de R$ 3.001/mês a R$ 4.000/mês,204,3700,5.5
2024-2025,Masculino,faixa_salarial,de R$ 30.001/mês a R$ 40.000/mês,135,3700,3.6
2024-2025,Masculino,faixa_salarial,de R$ 4.001/mês a R$ 6.000/mês,437,3700,11.8
2024-2025,Masculino,faixa_salarial,de R$ 6.001/mês a R$ 8.000/mês,468,3700,12.6
2024-2025,Masculino,faixa_salarial,de R$ 8.001/mês a R$ 12.000/mês,780,3700,21.1
2024-2025,Outro,faixa_salarial,Acima de R$ 40.001/mês,1,6,16.7
2024-2025,Outro,faixa_salarial,de R$ 6.001/mês a R$ 8.000/mês,3,6,50.0
2024-2025,Outro,faixa_salarial,de R$ 8.001/mês a R$ 12.000/mês,2,6,33.3
2024-2025,Prefiro não informar,faixa_salarial,Acima de R$ 40.001/mês,3,15,20.0
2024-2025,Prefiro não informar,faixa_salarial,de R$ 1.001/mês a R$ 2.000/mês,1,15,6.7
2024-2025,Prefiro não informar,faixa_salarial,de R$ 12.001/mês a R$ 16.000/mês,1,15,6.7
2024-2025,Prefiro não informar,faixa_salarial,de R$ 16.001/mês a R$ 20.000/mês,1,15,6.7
2024-2025,Prefiro não informar,faixa_salarial,de R$ 2.001/mês a R$ 3.000/mês,1,15,6.7
2024-2025,Prefiro não informar,faixa_salarial,de R$ 3.001/mês a R$ 4.000/mês,2,15,13.3
2024-2025,Prefiro não informar,faixa_salarial,de R$ 6.001/mês a R$ 8.000/mês,2,15,13.3
2024-2025,Prefiro não informar,faixa_salarial,de R$ 8.001/mês a R$ 12.000/mês,4,15,26.7
2025-2026,Feminino,faixa_salarial,Acima de R$ 40.001/mês,8,702,1.1
2025-2026,Feminino,faixa_salarial,Menos de R$ 1.000/mês,6,702,0.9
2025-2026,Feminino,faixa_salarial,de R$ 1.001/mês a R$ 2.000/mês,34,702,4.8
2025-2026,Feminino,faixa_salarial,de R$ 12.001/mês a R$ 16.000/mês,118,702,16.8
2025-2026,Feminino,faixa_salarial,de R$ 16.001/mês a R$ 20.000/mês,65,702,9.3
2025-2026,Feminino,faixa_salarial,de R$ 2.001/mês a R$ 3.000/mês,41,702,5.8
2025-2026,Feminino,faixa_salarial,de R$ 20.001/mês a R$ 25.000/mês,39,702,5.6
2025-2026,Feminino,faixa_salarial,de R$ 25.001/mês a R$ 30.000/mês,14,702,2.0
2025-2026,Feminino,faixa_salarial,de R$ 3.001/mês a R$ 4.000/mês,41,702,5.8
2025-2026,Feminino,faixa_salarial,de R$ 30.001/mês a R$ 40.000/mês,15,702,2.1
2025-2026,Feminino,faixa_salarial,de R$ 4.001/mês a R$ 6.000/mês,79,702,11.3
2025-2026,Feminino,faixa_salarial,de R$ 6.001/mês a R$ 8.000/mês,88,702,12.5
2025-2026,Feminino,faixa_salarial,de R$ 8.001/mês a R$ 12.000/mês,154,702,21.9
2025-2026,Masculino,faixa_salarial,Acima de R$ 40.001/mês,107,2510,4.3
2025-2026,Masculino,faixa_salarial,Menos de R$ 1.000/mês,15,2510,0.6
2025-2026,Masculino,faixa_salarial,de R$ 1.001/mês a R$ 2.000/mês,81,2510,3.2
2025-2026,Masculino,faixa_salarial,de R$ 12.001/mês a R$ 16.000/mês,365,2510,14.5
2025-2026,Masculino,faixa_salarial,de R$ 16.001/mês a R$ 20.000/mês,258,2510,10.3
2025-2026,Masculino,faixa_salarial,de R$ 2.001/mês a R$ 3.000/mês,88,2510,3.5
2025-2026,Masculino,faixa_salarial,de R$ 20.001/mês a R$ 25.000/mês,173,2510,6.9
2025-2026,Masculino,faixa_salarial,de R$ 25.001/mês a R$ 30.000/mês,120,2510,4.8
2025-2026,Masculino,faixa_salarial,de R$ 25.001/mês a R$ 3000/mês,1,2510,0.0
2025-2026,Masculino,faixa_salarial,de R$ 3.001/mês a R$ 4.000/mês,114,2510,4.5
2025-2026,Masculino,faixa_salarial,de R$ 30.001/mês a R$ 40.000/mês,97,2510,3.9
2025-2026,Masculino,faixa_salarial,de R$ 4.001/mês a R$ 6.000/mês,263,2510,10.5
2025-2026,Masculino,faixa_salarial,de R$ 6.001/mês a R$ 8.000/mês,278,2510,11.1
2025-2026,Masculino,faixa_salarial,de R$ 8.001/mês a R$ 12.000/mês,550,2510,21.9
2025-2026,Outro,faixa_salarial,de R$ 1.001/mês a R$ 2.000/mês,1,7,14.3
2025-2026,Outro,faixa_salarial,de R$ 12.001/mês a R$ 16.000/mês,1,7,14.3
2025-2026,Outro,faixa_salarial,de R$ 2.001/mês a R$ 3.000/mês,1,7,14.3
2025-2026,Outro,faixa_salarial,de R$ 4.001/mês a R$ 6.000/mês,1,7,14.3
2025-2026,Outro,faixa_salarial,de R$ 6.001/mês a R$ 8.000/mês,1,7,14.3
2025-2026,Outro,faixa_salarial,de R$ 8.001/mês a R$ 12.000/mês,2,7,28.6
2025-2026,Prefiro não informar,faixa_salarial,de R$ 1.001/mês a R$ 2.000/mês,1,9,11.1
2025-2026,Prefiro não informar,faixa_salarial,de R$ 20.001/mês a R$ 25.000/mês,1,9,11.1
2025-2026,Prefiro não informar,faixa_salarial,de R$ 3.001/mês a R$ 4.000/mês,2,9,22.2
2025-2026,Prefiro não informar,faixa_salarial,de R$ 30.001/mês a R$ 40.000/mês,2,9,22.2
2025-2026,Prefiro não informar,faixa_salarial,de R$ 4.001/mês a R$ 6.000/mês,1,9,11.1
2025-2026,Prefiro não informar,faixa_salarial,de R$ 8.001/mês a R$ 12.000/mês,2,9,22.2
2023-2024,Feminino,cor_raca_etnia,Amarela,41,1293,3.2
2023-2024,Feminino,cor_raca_etnia,Branca,836,1293,64.7
2023-2024,Feminino,cor_raca_etnia,Indígena,4,1293,0.3
2023-2024,Feminino,cor_raca_etnia,Outra,2,1293,0.2
2023-2024,Feminino,cor_raca_etnia,Parda,297,1293,23.0
2023-2024,Feminino,cor_raca_etnia,Prefiro não informar,9,1293,0.7
2023-2024,Feminino,cor_raca_etnia,Preta,104,1293,8.0
2023-2024,Masculino,cor_raca_etnia,Amarela,105,3975,2.6
2023-2024,Masculino,cor_raca_etnia,Branca,2564,3975,64.5
2023-2024,Masculino,cor_raca_etnia,Indígena,8,3975,0.2
2023-2024,Masculino,cor_raca_etnia,Outra,15,3975,0.4
2023-2024,Masculino,cor_raca_etnia,Parda,983,3975,24.7
2023-2024,Masculino,cor_raca_etnia,Prefiro não informar,19,3975,0.5
2023-2024,Masculino,cor_raca_etnia,Preta,281,3975,7.1
2023-2024,Outro,cor_raca_etnia,Branca,7,9,77.8
2023-2024,Outro,cor_raca_etnia,Parda,1,9,11.1
2023-2024,Outro,cor_raca_etnia,Preta,1,9,11.1
2023-2024,Prefiro não informar,cor_raca_etnia,Amarela,1,16,6.2
2023-2024,Prefiro não informar,cor_raca_etnia,Branca,7,16,43.8
2023-2024,Prefiro não informar,cor_raca_etnia,Outra,1,16,6.2
2023-2024,Prefiro não informar,cor_raca_etnia,Prefiro não informar,6,16,37.5
2023-2024,Prefiro não informar,cor_raca_etnia,Preta,1,16,6.2
2024-2025,Feminino,cor_raca_etnia,Amarela,46,1226,3.8
2024-2025,Feminino,cor_raca_etnia,Branca,827,1226,67.5
2024-2025,Feminino,cor_raca_etnia,Indígena,2,1226,0.2
2024-2025,Feminino,cor_raca_etnia,Outra,2,1226,0.2
2024-2025,Feminino,cor_raca_etnia,Parda,266,1226,21.7
2024-2025,Feminino,cor_raca_etnia,Prefiro não informar,2,1226,0.2
2024-2025,Feminino,cor_raca_etnia,Preta,81,1226,6.6
2024-2025,Masculino,cor_raca_etnia,Amarela,108,3968,2.7
2024-2025,Masculino,cor_raca_etnia,Branca,2642,3968,66.6
2024-2025,Masculino,cor_raca_etnia,Indígena,8,3968,0.2
2024-2025,Masculino,cor_raca_etnia,Outra,3,3968,0.1
2024-2025,Masculino,cor_raca_etnia,Parda,911,3968,23.0
2024-2025,Masculino,cor_raca_etnia,Prefiro não informar,28,3968,0.7
2024-2025,Masculino,cor_raca_etnia,Preta,268,3968,6.8
2024-2025,Outro,cor_raca_etnia,Branca,4,8,50.0
2024-2025,Outro,cor_raca_etnia,Parda,2,8,25.0
2024-2025,Outro,cor_raca_etnia,Preta,2,8,25.0
2024-2025,Prefiro não informar,cor_raca_etnia,Amarela,1,15,6.7
2024-2025,Prefiro não informar,cor_raca_etnia,Branca,5,15,33.3
2024-2025,Prefiro não informar,cor_raca_etnia,Parda,1,15,6.7
2024-2025,Prefiro não informar,cor_raca_etnia,Prefiro não informar,7,15,46.7
2024-2025,Prefiro não informar,cor_raca_etnia,Preta,1,15,6.7
2025-2026,Feminino,cor_raca_etnia,Amarela,29,767,3.8
2025-2026,Feminino,cor_raca_etnia,Branca,500,767,65.2
2025-2026,Feminino,cor_raca_etnia,Indígena,1,767,0.1
2025-2026,Feminino,cor_raca_etnia,Outra,4,767,0.5
2025-2026,Feminino,cor_raca_etnia,Parda,181,767,23.6
2025-2026,Feminino,cor_raca_etnia,Prefiro não informar,1,767,0.1
2025-2026,Feminino,cor_raca_etnia,Preta,51,767,6.6
2025-2026,Masculino,cor_raca_etnia,Amarela,86,2707,3.2
2025-2026,Masculino,cor_raca_etnia,Branca,1766,2707,65.2
2025-2026,Masculino,cor_raca_etnia,Indígena,2,2707,0.1
2025-2026,Masculino,cor_raca_etnia,Outra,7,2707,0.3
2025-2026,Masculino,cor_raca_etnia,Parda,659,2707,24.3
2025-2026,Masculino,cor_raca_etnia,Prefiro não informar,23,2707,0.8
2025-2026,Masculino,cor_raca_etnia,Preta,164,2707,6.1
2025-2026,Outro,cor_raca_etnia,Branca,5,6,83.3
2025-2026,Outro,cor_raca_etnia,Preta,1,6,16.7
2025-2026,Prefiro não informar,cor_raca_etnia,Amarela,2,13,15.4
2025-2026,Prefiro não informar,cor_raca_etnia,Branca,2,13,15.4
2025-2026,Prefiro não informar,cor_raca_etnia,Indígena,1,13,7.7
2025-2026,Prefiro não informar,cor_raca_etnia,Outra,1,13,7.7
2025-2026,Prefiro não informar,cor_raca_etnia,Parda,2,13,15.4
2025-2026,Prefiro não informar,cor_raca_etnia,Prefiro não informar,4,13,30.8
2025-2026,Prefiro não informar,cor_raca_etnia,Preta,1,13,7.7
