edicao,regiao_onde_mora,nivel,modelo_de_trabalho_atual,variavel,valor,contagem,total_respondentes,pct_na_dimensao
2024-2025,Centro-oeste,Júnior,Modelo 100% presencial,faixa_salarial,Menos de R$ 1.000/mês,3,40,7.5
2024-2025,Centro-oeste,Júnior,Modelo 100% presencial,faixa_salarial,de R$ 1.001/mês a R$ 2.000/mês,11,40,27.5
2024-2025,Centro-oeste,Júnior,Modelo 100% presencial,faixa_salarial,de R$ 2.001/mês a R$ 3.000/mês,11,40,27.5
2024-2025,Centro-oeste,Júnior,Modelo 100% presencial,faixa_salarial,de R$ 3.001/mês a R$ 4.000/mês,7,40,17.5
2024-2025,Centro-oeste,Júnior,Modelo 100% presencial,faixa_salarial,de R$ 30.001/mês a R$ 40.000/mês,1,40,2.5
2024-2025,Centro-oeste,Júnior,Modelo 100% presencial,faixa_salarial,de R$ 4.001/mês a R$ 6.000/mês,5,40,12.5
2024-2025,Centro-oeste,Júnior,Modelo 100% presencial,faixa_salarial,de R$ 6.001/mês a R$ 8.000/mês,2,40,5.0
2024-2025,Centro-oeste,Júnior,Modelo 100% remoto,faixa_salarial,Menos de R$ 1.000/mês,1,21,4.8
2024-2025,Centro-oeste,Júnior,Modelo 100% remoto,faixa_salarial,de R$ 1.001/mês a R$ 2.000/mês,3,21,14.3
2024-2025,Centro-oeste,Júnior,Modelo 100% remoto,faixa_salarial,de R$ 12.001/mês a R$ 16.000/mês,2,21,9.5
2024-2025,Centro-oeste,Júnior,Modelo 100% remoto,faixa_salarial,de R$ 2.001/mês a R$ 3.000/mês,2,21,9.5
2024-2025,Centro-oeste,Júnior,Modelo 100% remoto,faixa_salarial,de R$ 3.001/mês a R$ 4.000/mês,3,21,14.3
2024-2025,Centro-oeste,Júnior,Modelo 100% remoto,faixa_salarial,de R$ 4.001/mês a R$ 6.000/mês,7,21,33.3
2024-2025,Centro-oeste,Júnior,Modelo 100% remoto,faixa_salarial,de R$ 6.001/mês a R$ 8.000/mês,3,21,14.3
2024-2025,Centro-oeste,Júnior,Modelo híbrido com dias fixos de trabalho presencial,faixa_salarial,de R$ 1.001/mês a R$ 2.000/mês,2,6,33.3
2024-2025,Centro-oeste,Júnior,Modelo híbrido com dias fixos de trabalho presencial,faixa_salarial,de R$ 2.001/mês a R$ 3.000/mês,1,6,16.7
2024-2025,Centro-oeste,Júnior,Modelo híbrido com dias fixos de trabalho presencial,faixa_salarial,de R$ 25.001/mês a R$ 30.000/mês,1,6,16.7
2024-2025,Centro-oeste,Júnior,Modelo híbrido com dias fixos de trabalho presencial,faixa_salarial,de R$ 6.001/mês a R$ 8.000/mês,2,6,33.3
2024-2025,Centro-oeste,Júnior,Modelo híbrido flexível (o funcionário tem liberdade para escolher quando estar no escritório presencialmente),faixa_salarial,de R$ 2.001/mês a R$ 3.000/mês,2,4,50.0
2024-2025,Centro-oeste,Júnior,Modelo híbrido flexível (o funcionário tem liberdade para escolher quando estar no escritório presencialmente),faixa_salarial,de R$ 6.001/mês a R$ 8.000/mês,1,4,25.0
2024-2025,Centro-oeste,Júnior,Modelo híbrido flexível (o funcionário tem liberdade para escolher quando estar no escritório presencialmente),faixa_salarial,de R$ 8.001/mês a R$ 12.000/mês,1,4,25.0
2024-2025,Centro-oeste,Pleno,Modelo 100% presencial,faixa_salarial,Menos de R$ 1.000/mês,1,29,3.4
2024-2025,Centro-oeste,Pleno,Modelo 100% presencial,faixa_salarial,de R$ 12.001/mês a R$ 16.000/mês,3,29,10.3
2024-2025,Centro-oeste,Pleno,Modelo 100% presencial,faixa_salarial,de R$ 2.001/mês a R$ 3.000/mês,2,29,6.9
2024-2025,Centro-oeste,Pleno,Modelo 100% presencial,faixa_salarial,de R$ 3.001/mês a R$ 4.000/mês,4,29,13.8
2024-2025,Centro-oeste,Pleno,Modelo 100% presencial,faixa_salarial,de R$ 4.001/mês a R$ 6.000/mês,11,29,37.9
2024-2025,Centro-oeste,Pleno,Modelo 100% presencial,faixa_salarial,de R$ 6.001/mês a R$ 8.000/mês,4,29,13.8
2024-2025,Centro-oeste,Pleno,Modelo 100% presencial,faixa_salarial,de R$ 8.001/mês a R$ 12.000/mês,4,29,13.8
2024-2025,Centro-oeste,Pleno,Modelo 100% remoto,faixa_salarial,de R$ 12.001/mês a R$ 16.000/mês,3,34,8.8
2024-2025,Centro-oeste,Pleno,Modelo 100% remoto,faixa_salarial,de R$ 2.001/mês a R$ 3.000/mês,1,34,2.9
2024-2025,Centro-oeste,Pleno,Modelo 100% remoto,faixa_salarial,de R$ 3.001/mês a R$ 4.000/mês,2,34,5.9
2024-2025,Centro-oeste,Pleno,Modelo 100% remoto,faixa_salarial,de R$ 4.001/mês a R$ 6.000/mês,12,34,35.3
2024-2025,Centro-oeste,Pleno,Modelo 100% remoto,faixa_salarial,de R$ 6.001/mês a R$ 8.000/mês,12,34,35.3
2024-2025,Centro-oeste,Pleno,Modelo 100% remoto,faixa_salarial,de R$ 8.001/mês a R$ 12.000/mês,4,34,11.8
2024-2025,Centro-oeste,Pleno,Modelo híbrido com dias fixos de trabalho presencial,faixa_salarial,de R$ 12.001/mês a R$ 16.000/mês,2,14,14.3
2024-2025,Centro-oeste,Pleno,Modelo híbrido com dias fixos de trabalho presencial,faixa_salarial,de R$ 2.001/mês a R$ 3.000/mês,1,14,7.1
2024-2025,Centro-oeste,Pleno,Modelo híbrido com dias fixos de trabalho presencial,faixa_salarial,de R$ 4.001/mês a R$ 6.000/mês,4,14,28.6
2024-2025,Centro-oeste,Pleno,Modelo híbrido com dias fixos de trabalho presencial,faixa_salarial,de R$ 6.001/mês a R$ 8.000/mês,3,14,21.4
2024-2025,Centro-oeste,Pleno,Modelo híbrido com dias fixos de trabalho presencial,faixa_salarial,de R$ 8.001/mês a R$ 12.000/mês,4,14,28.6
2024-2025,Centro-oeste,Pleno,Modelo híbrido flexível (o funcionário tem liberdade para escolher quando estar no escritório presencialmente),faixa_salarial,de R$ 12.001/mês a R$ 16.000/mês,1,15,6.7
2024-2025,Centro-oeste,Pleno,Modelo híbrido flexível (o funcionário tem liberdade para escolher quando estar no escritório presencialmente),faixa_salarial,de R$ 16.001/mês a R$ 20.000/mês,1,15,6.7
2024-2025,Centro-oeste,Pleno,Modelo híbrido flexível (o funcionário tem liberdade para escolher quando estar no escritório presencialmente),faixa_salarial,de R$ 2.001/mês a R$ 3.000/mês,1,15,6.7
2024-2025,Centro-oeste,Pleno,Modelo híbrido flexível (o funcionário tem liberdade para escolher quando estar no escritório presencialmente),faixa_salarial,de R$ 4.001/mês a R$ 6.000/mês,4,15,26.7
2024-2025,Centro-oeste,Pleno,Modelo híbrido flexível (o funcionário tem liberdade para escolher quando estar no escritório presencialmente),faixa_salarial,de R$ 6.001/mês a R$ 8.000/mês,5,15,33.3
2024-2025,Centro-oeste,Pleno,Modelo híbrido flexível (o funcionário tem liberdade para escolher quando estar no escritório presencialmente),faixa_salarial,de R$ 8.001/mês a R$ 12.000/mês,3,15,20.0
2024-2025,Centro-oeste,Sênior,Modelo 100% presencial,faixa_salarial,de R$ 16.001/mês a R$ 20.000/mês,1,10,10.0
2024-2025,Centro-oeste,Sênior,Modelo 100% presencial,faixa_salarial,de R$ 20.001/mês a R$ 25.000/mês,1,10,10.0
2024-2025,Centro-oeste,Sênior,Modelo 100% presencial,faixa_salarial,de R$ 6.001/mês a R$ 8.000/mês,3,10,30.0
2024-2025,Centro-oeste,Sênior,Modelo 100% presencial,faixa_salarial,de R$ 8.001/mês a R$ 12.000/mês,5,10,50.0
2024-2025,Centro-oeste,Sênior,Modelo 100% remoto,faixa_salarial,de R$ 12.001/mês a R$ 16.000/mês,13,51,25.5
2024-2025,Centro-oeste,Sênior,Modelo 100% remoto,faixa_salarial,de R$ 16.001/mês a R$ 20.000/mês,12,51,23.5
2024-2025,Centro-oeste,Sênior,Modelo 100% remoto,faixa_salarial,de R$ 20.001/mês a R$ 25.000/mês,3,51,5.9
2024-2025,Centro-oeste,Sênior,Modelo 100% remoto,faixa_salarial,de R$ 30.001/mês a R$ 40.000/mês,5,51,9.8
2024-2025,Centro-oeste,Sênior,Modelo 100% remoto,faixa_salarial,de R$ 4.001/mês a R$ 6.000/mês,1,51,2.0
2024-2025,Centro-oeste,Sênior,Modelo 100% remoto,faixa_salarial,de R$ 6.001/mês a R$ 8.000/mês,6,51,11.8
2024-2025,Centro-oeste,Sênior,Modelo 100% remoto,faixa_salarial,de R$ 8.001/mês a R$ 12.000/mês,11,51,21.6
2024-2025,Centro-oeste,Sênior,Modelo híbrido com dias fixos de trabalho presencial,faixa_salarial,Menos de R$ 1.000/mês,1,12,8.3
2024-2025,Centro-oeste,Sênior,Modelo híbrido com dias fixos de trabalho presencial,faixa_salarial,de R$ 12.001/mês a R$ 16.000/mês,5,12,41.7
2024-2025,Centro-oeste,Sênior,Modelo híbrido com dias fixos de trabalho presencial,faixa_salarial,de R$ 16.001/mês a R$ 20.000/mês,1,12,8.3
2024-2025,Centro-oeste,Sênior,Modelo híbrido com dias fixos de trabalho presencial,faixa_salarial,de R$ 4.001/mês a R$ 6.000/mês,1,12,8.3
2024-2025,Centro-oeste,Sênior,Modelo híbrido com dias fixos de trabalho presencial,faixa_salarial,de R$ 6.001/mês a R$ 8.000/mês,1,12,8.3
2024-2025,Centro-oeste,Sênior,Modelo híbrido com dias fixos de trabalho presencial,faixa_salarial,de R$ 8.001/mês a R$ 12.000/mês,3,12,25.0
2024-2025,Centro-oeste,Sênior,Modelo híbrido flexível (o funcionário tem liberdade para escolher quando estar no escritório presencialmente),faixa_salarial,de R$ 12.001/mês a R$ 16.000/mês,1,4,25.0
2024-2025,Centro-oeste,Sênior,Modelo híbrido flexível (o funcionário tem liberdade para escolher quando estar no escritório presencialmente),faixa_salarial,de R$ 25.001/mês a R$ 30.000/mês,2,4,50.0
2024-2025,Centro-oeste,Sênior,Modelo híbrido flexível (o funcionário tem liberdade para escolher quando estar no escritório presencialmente),faixa_salarial,de R$ 8.001/mês a R$ 12.000/mês,1,4,25.0
2024-2025,Nordeste,Júnior,Modelo 100% presencial,faixa_salarial,Menos de R$ 1.000/mês,1,37,2.7
2024-2025,Nordeste,Júnior,Modelo 100% presencial,faixa_salarial,de R$ 1.001/mês a R$ 2.000/mês,14,37,37.8
2024-2025,Nordeste,Júnior,Modelo 100% presencial,faixa_salarial,de R$ 2.001/mês a R$ 3.000/mês,13,37,35.1
2024-2025,Nordeste,Júnior,Modelo 100% presencial,faixa_salarial,de R$ 3.001/mês a R$ 4.000/mês,3,37,8.1
2024-2025,Nordeste,Júnior,Modelo 100% presencial,faixa_salarial,de R$ 4.001/mês a R$ 6.000/mês,6,37,16.2
2024-2025,Nordeste,Júnior,Modelo 100% remoto,faixa_salarial,Menos de R$ 1.000/mês,2,48,4.2
2024-2025,Nordeste,Júnior,Modelo 100% remoto,faixa_salarial,de R$ 1.001/mês a R$ 2.000/mês,10,48,20.8
2024-2025,Nordeste,Júnior,Modelo 100% remoto,faixa_salarial,de R$ 2.001/mês a R$ 3.000/mês,8,48,16.7
2024-2025,Nordeste,Júnior,Modelo 100% remoto,faixa_salarial,de R$ 3.001/mês a R$ 4.000/mês,5,48,10.4
2024-2025,Nordeste,Júnior,Modelo 100% remoto,faixa_salarial,de R$ 4.001/mês a R$ 6.000/mês,15,48,31.2
2024-2025,Nordeste,Júnior,Modelo 100% remoto,faixa_salarial,de R$ 6.001/mês a R$ 8.000/mês,7,48,14.6
2024-2025,Nordeste,Júnior,Modelo 100% remoto,faixa_salarial,de R$ 8.001/mês a R$ 12.000/mês,1,48,2.1
2024-2025,Nordeste,Júnior,Modelo híbrido com dias fixos de trabalho presencial,faixa_salarial,Menos de R$ 1.000/mês,1,13,7.7
2024-2025,Nordeste,Júnior,Modelo híbrido com dias fixos de trabalho presencial,faixa_salarial,de R$ 1.001/mês a R$ 2.000/mês,5,13,38.5
2024-2025,Nordeste,Júnior,Modelo híbrido com dias fixos de trabalho presencial,faixa_salarial,de R$ 2.001/mês a R$ 3.000/mês,1,13,7.7
2024-2025,Nordeste,Júnior,Modelo híbrido com dias fixos de trabalho presencial,faixa_salarial,de R$ 20.001/mês a R$ 25.000/mês,1,13,7.7
2024-2025,Nordeste,Júnior,Modelo híbrido com dias fixos de trabalho presencial,faixa_salarial,de R$ 3.001/mês a R$ 4.000/mês,1,13,7.7
2024-2025,Nordeste,Júnior,Modelo híbrido com dias fixos de trabalho presencial,faixa_salarial,de R$ 4.001/mês a R$ 6.000/mês,1,13,7.7
2024-2025,Nordeste,Júnior,Modelo híbrido com dias fixos de trabalho presencial,faixa_salarial,de R$ 8.001/mês a R$ 12.000/mês,3,13,23.1
2024-2025,Nordeste,Júnior,Modelo híbrido flexível (o funcionário tem liberdade para escolher quando estar no escritório presencialmente),faixa_salarial,Menos de R$ 1.000/mês,2,8,25.0
2024-2025,Nordeste,Júnior,Modelo híbrido flexível (o funcionário tem liberdade para escolher quando estar no escritório presencialmente),faixa_salarial,de R$ 2.001/mês a R$ 3.000/mês,1,8,12.5
2024-2025,Nordeste,Júnior,Modelo híbrido flexível (o funcionário tem liberdade para escolher quando estar no escritório presencialmente),faixa_salarial,de R$ 3.001/mês a R$ 4.000/mês,2,8,25.0
2024-2025,Nordeste,Júnior,Modelo híbrido flexível (o funcionário tem liberdade para escolher quando estar no escritório presencialmente),faixa_salarial,de R$ 4.001/mês a R$ 6.000/mês,1,8,12.5
2024-2025,Nordeste,Júnior,Modelo híbrido flexível (o funcionário tem liberdade para escolher quando estar no escritório presencialmente),faixa_salarial,de R$ 6.001/mês a R$ 8.000/mês,2,8,25.0
2024-2025,Nordeste,Pleno,Modelo 100% presencial,faixa_salarial,de R$ 1.001/mês a R$ 2.000/mês,2,31,6.5
2024-2025,Nordeste,Pleno,Modelo 100% presencial,faixa_salarial,de R$ 12.001/mês a R$ 16.000/mês,1,31,3.2
2024-2025,Nordeste,Pleno,Modelo 100% presencial,faixa_salarial,de R$ 16.001/mês a R$ 20.000/mês,1,31,3.2
2024-2025,Nordeste,Pleno,Modelo 100% presencial,faixa_salarial,de R$ 2.001/mês a R$ 3.000/mês,3,31,9.7
2024-2025,Nordeste,Pleno,Modelo 100% presencial,faixa_salarial,de R$ 3.001/mês a R$ 4.000/mês,5,31,16.1
2024-2025,Nordeste,Pleno,Modelo 100% presencial,faixa_salarial,de R$ 4.001/mês a R$ 6.000/mês,14,31,45.2
2024-2025,Nordeste,Pleno,Modelo 100% presencial,faixa_salarial,de R$ 6.001/mês a R$ 8.000/mês,1,31,3.2
2024-2025,Nordeste,Pleno,Modelo 100% presencial,faixa_salarial,de R$ 8.001/mês a R$ 12.000/mês,4,31,12.9
2024-2025,Nordeste,Pleno,Modelo 100% remoto,faixa_salarial,Menos de R$ 1.000/mês,2,90,2.2
2024-2025,Nordeste,Pleno,Modelo 100% remoto,faixa_salarial,de R$ 12.001/mês a R$ 16.000/mês,7,90,7.8
2024-2025,Nordeste,Pleno,Modelo 100% remoto,faixa_salarial,de R$ 16.001/mês a R$ 20.000/mês,1,90,1.1
2024-2025,Nordeste,Pleno,Modelo 100% remoto,faixa_salarial,de R$ 3.001/mês a R$ 4.000/mês,3,90,3.3
2024-2025,Nordeste,Pleno,Modelo 100% remoto,faixa_salarial,de R$ 30.001/mês a R$ 40.000/mês,1,90,1.1
2024-2025,Nordeste,Pleno,Modelo 100% remoto,faixa_salarial,de R$ 4.001/mês a R$ 6.000/mês,15,90,16.7
2024-2025,Nordeste,Pleno,Modelo 100% remoto,faixa_salarial,de R$ 6.001/mês a R$ 8.000/mês,36,90,40.0
2024-2025,Nordeste,Pleno,Modelo 100% remoto,faixa_salarial,de R$ 8.001/mês a R$ 12.000/mês,25,90,27.8
2024-2025,Nordeste,Pleno,Modelo híbrido com dias fixos de trabalho presencial,faixa_salarial,de R$ 1.001/mês a R$ 2.000/mês,1,12,8.3
2024-2025,Nordeste,Pleno,Modelo híbrido com dias fixos de trabalho presencial,faixa_salarial,de R$ 2.001/mês a R$ 3.000/mês,1,12,8.3
2024-2025,Nordeste,Pleno,Modelo híbrido com dias fixos de trabalho presencial,faixa_salarial,de R$ 3.001/mês a R$ 4.000/mês,1,12,8.3
2024-2025,Nordeste,Pleno,Modelo híbrido com dias fixos de trabalho presencial,faixa_salarial,de R$ 4.001/mês a R$ 6.000/mês,4,12,33.3
2024-2025,Nordeste,Pleno,Modelo híbrido com dias fixos de trabalho presencial,faixa_salarial,de R$ 6.001/mês a R$ 8.000/mês,3,12,25.0
2024-2025,Nordeste,Pleno,Modelo híbrido com dias fixos de trabalho presencial,faixa_salarial,de R$ 8.001/mês a R$ 12.000/mês,2,12,16.7
2024-2025,Nordeste,Pleno,Modelo híbrido flexível (o funcionário tem liberdade para escolher quando estar no escritório presencialmente),faixa_salarial,de R$ 1.001/mês a R$ 2.000/mês,1,8,12.5
2024-2025,Nordeste,Pleno,Modelo híbrido flexível (o funcionário tem liberdade para escolher quando estar no escritório presencialmente),faixa_salarial,de R$ 12.001/mês a R$ 16.000/mês,1,8,12.5
2024-2025,Nordeste,Pleno,Modelo híbrido flexível (o funcionário tem liberdade para escolher quando estar no escritório presencialmente),faixa_salarial,de R$ 3.001/mês a R$ 4.000/mês,2,8,25.0
2024-2025,Nordeste,Pleno,Modelo híbrido flexível (o funcionário tem liberdade para escolher quando estar no escritório presencialmente),faixa_salarial,de R$ 4.001/mês a R$ 6.000/mês,2,8,25.0
2024-2025,Nordeste,Pleno,Modelo híbrido flexível (o funcionário tem liberdade para escolher quando estar no escritório presencialmente),faixa_salarial,de R$ 6.001/mês a R$ 8.000/mês,1,8,12.5
2024-2025,Nordeste,Pleno,Modelo híbrido flexível (o funcionário tem liberdade para escolher quando estar no escritório presencialmente),faixa_salarial,de R$ 8.001/mês a R$ 12.000/mês,1,8,12.5
2024-2025,Nordeste,Sênior,Modelo 100% presencial,faixa_salarial,de R$ 16.001/mês a R$ 20.000/mês,1,15,6.7
2024-2025,Nordeste,Sênior,Modelo 100% presencial,faixa_salarial,de R$ 2.001/mês a R$ 3.000/mês,3,15,20.0
2024-2025,Nordeste,Sênior,Modelo 100% presencial,faixa_salarial,de R$ 4.001/mês a R$ 6.000/mês,2,15,13.3
2024-2025,Nordeste,Sênior,Modelo 100% presencial,faixa_salarial,de R$ 6.001/mês a R$ 8.000/mês,2,15,13.3
2024-2025,Nordeste,Sênior,Modelo 100% presencial,faixa_salarial,de R$ 8.001/mês a R$ 12.000/mês,7,15,46.7
2024-2025,Nordeste,Sênior,Modelo 100% remoto,faixa_salarial,Acima de R$ 40.001/mês,5,98,5.1
2024-2025,Nordeste,Sênior,Modelo 100% remoto,faixa_salarial,de R$ 12.001/mês a R$ 16.000/mês,28,98,28.6
2024-2025,Nordeste,Sênior,Modelo 100% remoto,faixa_salarial,de R$ 16.001/mês a R$ 20.000/mês,15,98,15.3
2024-2025,Nordeste,Sênior,Modelo 100% remoto,faixa_salarial,de R$ 20.001/mês a R$ 25.000/mês,5,98,5.1
2024-2025,Nordeste,Sênior,Modelo 100% remoto,faixa_salarial,de R$ 25.001/mês a R$ 30.000/mês,4,98,4.1
2024-2025,Nordeste,Sênior,Modelo 100% remoto,faixa_salarial,de R$ 3.001/mês a R$ 4.000/mês,1,98,1.0
2024-2025,Nordeste,Sênior,Modelo 100% remoto,faixa_salarial,de R$ 30.001/mês a R$ 40.000/mês,4,98,4.1
2024-2025,Nordeste,Sênior,Modelo 100% remoto,faixa_salarial,de R$ 4.001/mês a R$ 6.000/mês,2,98,2.0
2024-2025,Nordeste,Sênior,Modelo 100% remoto,faixa_salarial,de R$ 6.001/mês a R$ 8.000/mês,6,98,6.1
2024-2025,Nordeste,Sênior,Modelo 100% remoto,faixa_salarial,de R$ 8.001/mês a R$ 12.000/mês,28,98,28.6
2024-2025,Nordeste,Sênior,Modelo híbrido com dias fixos de trabalho presencial,faixa_salarial,de R$ 12.001/mês a R$ 16.000/mês,2,8,25.0
2024-2025,Nordeste,Sênior,Modelo híbrido com dias fixos de trabalho presencial,faixa_salarial,de R$ 4.001/mês a R$ 6.000/mês,1,8,12.5
2024-2025,Nordeste,Sênior,Modelo híbrido com dias fixos de trabalho presencial,faixa_salarial,de R$ 6.001/mês a R$ 8.000/mês,2,8,25.0
2024-2025,Nordeste,Sênior,Modelo híbrido com dias fixos de trabalho presencial,faixa_salarial,de R$ 8.001/mês a R$ 12.000/mês,3,8,37.5
2024-2025,Nordeste,Sênior,Modelo híbrido flexível (o funcionário tem liberdade para escolher quando estar no escritório presencialmente),faixa_salarial,de R$ 12.001/mês a R$ 16.000/mês,2,6,33.3
2024-2025,Nordeste,Sênior,Modelo híbrido flexível (o funcionário tem liberdade para escolher quando estar no escritório presencialmente),faixa_salarial,de R$ 16.001/mês a R$ 20.000/mês,2,6,33.3
2024-2025,Nordeste,Sênior,Modelo híbrido flexível (o funcionário tem liberdade para escolher quando estar no escritório presencialmente),faixa_salarial,de R$ 20.001/mês a R$ 25.000/mês,1,6,16.7
2024-2025,Nordeste,Sênior,Modelo híbrido flexível (o funcionário tem liberdade para escolher quando estar no escritório presencialmente),faixa_salarial,de R$ 4.001/mês a R$ 6.000/mês,1,6,16.7
2024-2025,Norte,Júnior,Modelo 100% presencial,faixa_salarial,de R$ 1.001/mês a R$ 2.000/mês,3,8,37.5
2024-2025,Norte,Júnior,Modelo 100% presencial,faixa_salarial,de R$ 2.001/mês a R$ 3.000/mês,4,8,50.0
2024-2025,Norte,Júnior,Modelo 100% presencial,faixa_salarial,de R$ 8.001/mês a R$ 12.000/mês,1,8,12.5
2024-2025,Norte,Júnior,Modelo 100% remoto,faixa_salarial,Menos de R$ 1.000/mês,1,7,14.3
2024-2025,Norte,Júnior,Modelo 100% remoto,faixa_salarial,de R$ 2.001/mês a R$ 3.000/mês,1,7,14.3
2024-2025,Norte,Júnior,Modelo 100% remoto,faixa_salarial,de R$ 3.001/mês a R$ 4.000/mês,3,7,42.9
2024-2025,Norte,Júnior,Modelo 100% remoto,faixa_salarial,de R$ 4.001/mês a R$ 6.000/mês,2,7,28.6
2024-2025,Norte,Júnior,Modelo híbrido flexível (o funcionário tem liberdade para escolher quando estar no escritório presencialmente),faixa_salarial,de R$ 3.001/mês a R$ 4.000/mês,1,1,100.0
2024-2025,Norte,Pleno,Modelo 100% presencial,faixa_salarial,de R$ 1.001/mês a R$ 2.000/mês,1,5,20.0
2024-2025,Norte,Pleno,Modelo 100% presencial,faixa_salarial,de R$ 2.001/mês a R$ 3.000/mês,1,5,20.0
2024-2025,Norte,Pleno,Modelo 100% presencial,faixa_salarial,de R$ 4.001/mês a R$ 6.000/mês,1,5,20.0
2024-2025,Norte,Pleno,Modelo 100% presencial,faixa_salarial,de R$ 6.001/mês a R$ 8.000/mês,1,5,20.0
2024-2025,Norte,Pleno,Modelo 100% presencial,faixa_salarial,de R$ 8.001/mês a R$ 12.000/mês,1,5,20.0
2024-2025,Norte,Pleno,Modelo 100% remoto,faixa_salarial,de R$ 4.001/mês a R$ 6.000/mês,1,5,20.0
2024-2025,Norte,Pleno,Modelo 100% remoto,faixa_salarial,de R$ 6.001/mês a R$ 8.000/mês,1,5,20.0
2024-2025,Norte,Pleno,Modelo 100% remoto,faixa_salarial,de R$ 8.001/mês a R$ 12.000/mês,3,5,60.0
2024-2025,Norte,Pleno,Modelo híbrido com dias fixos de trabalho presencial,faixa_salarial,de R$ 12.001/mês a R$ 16.000/mês,1,4,25.0
2024-2025,Norte,Pleno,Modelo híbrido com dias fixos de trabalho presencial,faixa_salarial,de R$ 6.001/mês a R$ 8.000/mês,1,4,25.0
2024-2025,Norte,Pleno,Modelo híbrido com dias fixos de trabalho presencial,faixa_salarial,de R$ 8.001/mês a R$ 12.000/mês,2,4,50.0
2024-2025,Norte,Pleno,Modelo híbrido flexível (o funcionário tem liberdade para escolher quando estar no escritório presencialmente),faixa_salarial,de R$ 4.001/mês a R$ 6.000/mês,1,1,100.0
2024-2025,Norte,Sênior,Modelo 100% presencial,faixa_salarial,de R$ 8.001/mês a R$ 12.000/mês,2,2,100.0
2024-2025,Norte,Sênior,Modelo 100% remoto,faixa_salarial,de R$ 12.001/mês a R$ 16.000/mês,3,15,20.0
2024-2025,Norte,Sênior,Modelo 100% remoto,faixa_salarial,de R$ 16.001/mês a R$ 20.000/mês,3,15,20.0
2024-2025,Norte,Sênior,Modelo 100% remoto,faixa_salarial,de R$ 20.001/mês a R$ 25.000/mês,1,15,6.7
2024-2025,Norte,Sênior,Modelo 100% remoto,faixa_salarial,de R$ 25.001/mês a R$ 30.000/mês,1,15,6.7
2024-2025,Norte,Sênior,Modelo 100% remoto,faixa_salarial,de R$ 3.001/mês a R$ 4.000/mês,1,15,6.7
2024-2025,Norte,Sênior,Modelo 100% remoto,faixa_salarial,de R$ 30.001/mês a R$ 40.000/mês,1,15,6.7
2024-2025,Norte,Sênior,Modelo 100% remoto,faixa_salarial,de R$ 6.001/mês a R$ 8.000/mês,1,15,6.7
2024-2025,Norte,Sênior,Modelo 100% remoto,faixa_salarial,de R$ 8.001/mês a R$ 12.000/mês,4,15,26.7
2024-2025,Norte,Sênior,Modelo híbrido com dias fixos de trabalho presencial,faixa_salarial,de R$ 16.001/mês a R$ 20.000/mês,1,1,100.0
2024-2025,Norte,Sênior,Modelo híbrido flexível (o funcionário tem liberdade para escolher quando estar no escritório presencialmente),faixa_salarial,de R$ 8.001/mês a R$ 12.000/mês,1,1,100.0
2024-2025,Sudeste,Júnior,Modelo 100% presencial,faixa_salarial,Menos de R$ 1.000/mês,4,123,3.3
2024-2025,Sudeste,Júnior,Modelo 100% presencial,faixa_salarial,de R$ 1.001/mês a R$ 2.000/mês,27,123,22.0
2024-2025,Sudeste,Júnior,Modelo 100% presencial,faixa_salarial,de R$ 12.001/mês a R$ 16.000/mês,1,123,0.8
2024-2025,Sudeste,Júnior,Modelo 100% presencial,faixa_salarial,de R$ 2.001/mês a R$ 3.000/mês,35,123,28.5
2024-2025,Sudeste,Júnior,Modelo 100% presencial,faixa_salarial,de R$ 3.001/mês a R$ 4.000/mês,28,123,22.8
2024-2025,Sudeste,Júnior,Modelo 100% presencial,faixa_salarial,de R$ 4.001/mês a R$ 6.000/mês,15,123,12.2
2024-2025,Sudeste,Júnior,Modelo 100% presencial,faixa_salarial,de R$ 6.001/mês a R$ 8.000/mês,11,123,8.9
2024-2025,Sudeste,Júnior,Modelo 100% presencial,faixa_salarial,de R$ 8.001/mês a R$ 12.000/mês,2,123,1.6
2024-2025,Sudeste,Júnior,Modelo 100% remoto,faixa_salarial,Menos de R$ 1.000/mês,4,156,2.6
2024-2025,Sudeste,Júnior,Modelo 100% remoto,faixa_salarial,de R$ 1.001/mês a R$ 2.000/mês,23,156,14.7
2024-2025,Sudeste,Júnior,Modelo 100% remoto,faixa_salarial,de R$ 16.001/mês a R$ 20.000/mês,1,156,0.6
2024-2025,Sudeste,Júnior,Modelo 100% remoto,faixa_salarial,de R$ 2.001/mês a R$ 3.000/mês,20,156,12.8
2024-2025,Sudeste,Júnior,Modelo 100% remoto,faixa_salarial,de R$ 3.001/mês a R$ 4.000/mês,26,156,16.7
2024-2025,Sudeste,Júnior,Modelo 100% remoto,faixa_salarial,de R$ 4.001/mês a R$ 6.000/mês,52,156,33.3
2024-2025,Sudeste,Júnior,Modelo 100% remoto,faixa_salarial,de R$ 6.001/mês a R$ 8.000/mês,21,156,13.5
2024-2025,Sudeste,Júnior,Modelo 100% remoto,faixa_salarial,de R$ 8.001/mês a R$ 12.000/mês,9,156,5.8
2024-2025,Sudeste,Júnior,Modelo híbrido com dias fixos de trabalho presencial,faixa_salarial,Menos de R$ 1.000/mês,1,101,1.0
2024-2025,Sudeste,Júnior,Modelo híbrido com dias fixos de trabalho presencial,faixa_salarial,de R$ 1.001/mês a R$ 2.000/mês,17,101,16.8
2024-2025,Sudeste,Júnior,Modelo híbrido com dias fixos de trabalho presencial,faixa_salarial,de R$ 2.001/mês a R$ 3.000/mês,22,101,21.8
2024-2025,Sudeste,Júnior,Modelo híbrido com dias fixos de trabalho presencial,faixa_salarial,de R$ 3.001/mês a R$ 4.000/mês,17,101,16.8
2024-2025,Sudeste,Júnior,Modelo híbrido com dias fixos de trabalho presencial,faixa_salarial,de R$ 4.001/mês a R$ 6.000/mês,25,101,24.8
2024-2025,Sudeste,Júnior,Modelo híbrido com dias fixos de trabalho presencial,faixa_salarial,de R$ 6.001/mês a R$ 8.000/mês,13,101,12.9
2024-2025,Sudeste,Júnior,Modelo híbrido com dias fixos de trabalho presencial,faixa_salarial,de R$ 8.001/mês a R$ 12.000/mês,6,101,5.9
2024-2025,Sudeste,Júnior,Modelo híbrido flexível (o funcionário tem liberdade para escolher quando estar no escritório presencialmente),faixa_salarial,Menos de R$ 1.000/mês,1,97,1.0
2024-2025,Sudeste,Júnior,Modelo híbrido flexível (o funcionário tem liberdade para escolher quando estar no escritório presencialmente),faixa_salarial,de R$ 1.001/mês a R$ 2.000/mês,7,97,7.2
2024-2025,Sudeste,Júnior,Modelo híbrido flexível (o funcionário tem liberdade para escolher quando estar no escritório presencialmente),faixa_salarial,de R$ 2.001/mês a R$ 3.000/mês,21,97,21.6
2024-2025,Sudeste,Júnior,Modelo híbrido flexível (o funcionário tem liberdade para escolher quando estar no escritório presencialmente),faixa_salarial,de R$ 3.001/mês a R$ 4.000/mês,15,97,15.5
2024-2025,Sudeste,Júnior,Modelo híbrido flexível (o funcionário tem liberdade para escolher quando estar no escritório presencialmente),faixa_salarial,de R$ 4.001/mês a R$ 6.000/mês,33,97,34.0
2024-2025,Sudeste,Júnior,Modelo híbrido flexível (o funcionário tem liberdade para escolher quando estar no escritório presencialmente),faixa_salarial,de R$ 6.001/mês a R$ 8.000/mês,16,97,16.5
2024-2025,Sudeste,Júnior,Modelo híbrido flexível (o funcionário tem liberdade para escolher quando estar no escritório presencialmente),faixa_salarial,de R$ 8.001/mês a R$ 12.000/mês,4,97,4.1
2024-2025,Sudeste,Pleno,Modelo 100% presencial,faixa_salarial,de R$ 1.001/mês a R$ 2.000/mês,2,93,2.2
2024-2025,Sudeste,Pleno,Modelo 100% presencial,faixa_salarial,de R$ 12.001/mês a R$ 16.000/mês,1,93,1.1
2024-2025,Sudeste,Pleno,Modelo 100% presencial,faixa_salarial,de R$ 2.001/mês a R$ 3.000/mês,6,93,6.5
2024-2025,Sudeste,Pleno,Modelo 100% presencial,faixa_salarial,de R$ 3.001/mês a R$ 4.000/mês,12,93,12.9
2024-2025,Sudeste,Pleno,Modelo 100% presencial,faixa_salarial,de R$ 4.001/mês a R$ 6.000/mês,31,93,33.3
2024-2025,Sudeste,Pleno,Modelo 100% presencial,faixa_salarial,de R$ 6.001/mês a R$ 8.000/mês,23,93,24.7
2024-2025,Sudeste,Pleno,Modelo 100% presencial,faixa_salarial,de R$ 8.001/mês a R$ 12.000/mês,18,93,19.4
2024-2025,Sudeste,Pleno,Modelo 100% remoto,faixa_salarial,de R$ 12.001/mês a R$ 16.000/mês,18,368,4.9
2024-2025,Sudeste,Pleno,Modelo 100% remoto,faixa_salarial,de R$ 16.001/mês a R$ 20.000/mês,9,368,2.4
2024-2025,Sudeste,Pleno,Modelo 100% remoto,faixa_salarial,de R$ 2.001/mês a R$ 3.000/mês,4,368,1.1
2024-2025,Sudeste,Pleno,Modelo 100% remoto,faixa_salarial,de R$ 20.001/mês a R$ 25.000/mês,3,368,0.8
2024-2025,Sudeste,Pleno,Modelo 100% remoto,faixa_salarial,de R$ 25.001/mês a R$ 30.000/mês,1,368,0.3
2024-2025,Sudeste,Pleno,Modelo 100% remoto,faixa_salarial,de R$ 3.001/mês a R$ 4.000/mês,18,368,4.9
2024-2025,Sudeste,Pleno,Modelo 100% remoto,faixa_salarial,de R$ 30.001/mês a R$ 40.000/mês,1,368,0.3
2024-2025,Sudeste,Pleno,Modelo 100% remoto,faixa_salarial,de R$ 4.001/mês a R$ 6.000/mês,52,368,14.1
2024-2025,Sudeste,Pleno,Modelo 100% remoto,faixa_salarial,de R$ 6.001/mês a R$ 8.000/mês,111,368,30.2
2024-2025,Sudeste,Pleno,Modelo 100% remoto,faixa_salarial,de R$ 8.001/mês a R$ 12.000/mês,151,368,41.0
2024-2025,Sudeste,Pleno,Modelo híbrido com dias fixos de trabalho presencial,faixa_salarial,de R$ 1.001/mês a R$ 2.000/mês,1,167,0.6
2024-2025,Sudeste,Pleno,Modelo híbrido com dias fixos de trabalho presencial,faixa_salarial,de R$ 12.001/mês a R$ 16.000/mês,12,167,7.2
2024-2025,Sudeste,Pleno,Modelo híbrido com dias fixos de trabalho presencial,faixa_salarial,de R$ 2.001/mês a R$ 3.000/mês,3,167,1.8
2024-2025,Sudeste,Pleno,Modelo híbrido com dias fixos de trabalho presencial,faixa_salarial,de R$ 20.001/mês a R$ 25.000/mês,1,167,0.6
2024-2025,Sudeste,Pleno,Modelo híbrido com dias fixos de trabalho presencial,faixa_salarial,de R$ 3.001/mês a R$ 4.000/mês,10,167,6.0
2024-2025,Sudeste,Pleno,Modelo híbrido com dias fixos de trabalho presencial,faixa_salarial,de R$ 30.001/mês a R$ 40.000/mês,1,167,0.6
2024-2025,Sudeste,Pleno,Modelo híbrido com dias fixos de trabalho presencial,faixa_salarial,de R$ 4.001/mês a R$ 6.000/mês,41,167,24.6
2024-2025,Sudeste,Pleno,Modelo híbrido com dias fixos de trabalho presencial,faixa_salarial,de R$ 6.001/mês a R$ 8.000/mês,54,167,32.3
2024-2025,Sudeste,Pleno,Modelo híbrido com dias fixos de trabalho presencial,faixa_salarial,de R$ 8.001/mês a R$ 12.000/mês,44,167,26.3
2024-2025,Sudeste,Pleno,Modelo híbrido flexível (o funcionário tem liberdade para escolher quando estar no escritório presencialmente),faixa_salarial,de R$ 12.001/mês a R$ 16.000/mês,10,167,6.0
2024-2025,Sudeste,Pleno,Modelo híbrido flexível (o funcionário tem liberdade para escolher quando estar no escritório presencialmente),faixa_salarial,de R$ 16.001/mês a R$ 20.000/mês,5,167,3.0
2024-2025,Sudeste,Pleno,Modelo híbrido flexível (o funcionário tem liberdade para escolher quando estar no escritório presencialmente),faixa_salarial,de R$ 20.001/mês a R$ 25.000/mês,1,167,0.6
2024-2025,Sudeste,Pleno,Modelo híbrido flexível (o funcionário tem liberdade para escolher quando estar no escritório presencialmente),faixa_salarial,de R$ 3.001/mês a R$ 4.000/mês,8,167,4.8
2024-2025,Sudeste,Pleno,Modelo híbrido flexível (o funcionário tem liberdade para escolher quando estar no escritório presencialmente),faixa_salarial,de R$ 4.001/mês a R$ 6.000/mês,37,167,22.2
2024-2025,Sudeste,Pleno,Modelo híbrido flexível (o funcionário tem liberdade para escolher quando estar no escritório presencialmente),faixa_salarial,de R$ 6.001/mês a R$ 8.000/mês,35,167,21.0
2024-2025,Sudeste,Pleno,Modelo híbrido flexível (o funcionário tem liberdade para escolher quando estar no escritório presencialmente),faixa_salarial,de R$ 8.001/mês a R$ 12.000/mês,71,167,42.5
2024-2025,Sudeste,Sênior,Modelo 100% presencial,faixa_salarial,de R$ 12.001/mês a R$ 16.000/mês,9,49,18.4
2024-2025,Sudeste,Sênior,Modelo 100% presencial,faixa_salarial,de R$ 16.001/mês a R$ 20.000/mês,1,49,2.0
2024-2025,Sudeste,Sênior,Modelo 100% presencial,faixa_salarial,de R$ 20.001/mês a R$ 25.000/mês,1,49,2.0
2024-2025,Sudeste,Sênior,Modelo 100% presencial,faixa_salarial,de R$ 3.001/mês a R$ 4.000/mês,2,49,4.1
2024-2025,Sudeste,Sênior,Modelo 100% presencial,faixa_salarial,de R$ 30.001/mês a R$ 40.000/mês,1,49,2.0
2024-2025,Sudeste,Sênior,Modelo 100% presencial,faixa_salarial,de R$ 4.001/mês a R$ 6.000/mês,6,49,12.2
2024-2025,Sudeste,Sênior,Modelo 100% presencial,faixa_salarial,de R$ 6.001/mês a R$ 8.000/mês,5,49,10.2
2024-2025,Sudeste,Sênior,Modelo 100% presencial,faixa_salarial,de R$ 8.001/mês a R$ 12.000/mês,24,49,49.0
2024-2025,Sudeste,Sênior,Modelo 100% remoto,faixa_salarial,Acima de R$ 40.001/mês,12,507,2.4
2024-2025,Sudeste,Sênior,Modelo 100% remoto,faixa_salarial,de R$ 12.001/mês a R$ 16.000/mês,171,507,33.7
2024-2025,Sudeste,Sênior,Modelo 100% remoto,faixa_salarial,de R$ 16.001/mês a R$ 20.000/mês,77,507,15.2
2024-2025,Sudeste,Sênior,Modelo 100% remoto,faixa_salarial,de R$ 20.001/mês a R$ 25.000/mês,32,507,6.3
2024-2025,Sudeste,Sênior,Modelo 100% remoto,faixa_salarial,de R$ 25.001/mês a R$ 30.000/mês,20,507,3.9
2024-2025,Sudeste,Sênior,Modelo 100% remoto,faixa_salarial,de R$ 3.001/mês a R$ 4.000/mês,1,507,0.2
2024-2025,Sudeste,Sênior,Modelo 100% remoto,faixa_salarial,de R$ 30.001/mês a R$ 40.000/mês,20,507,3.9
2024-2025,Sudeste,Sênior,Modelo 100% remoto,faixa_salarial,de R$ 4.001/mês a R$ 6.000/mês,2,507,0.4
2024-2025,Sudeste,Sênior,Modelo 100% remoto,faixa_salarial,de R$ 6.001/mês a R$ 8.000/mês,29,507,5.7
2024-2025,Sudeste,Sênior,Modelo 100% remoto,faixa_salarial,de R$ 8.001/mês a R$ 12.000/mês,143,507,28.2
2024-2025,Sudeste,Sênior,Modelo híbrido com dias fixos de trabalho presencial,faixa_salarial,de R$ 12.001/mês a R$ 16.000/mês,54,183,29.5
2024-2025,Sudeste,Sênior,Modelo híbrido com dias fixos de trabalho presencial,faixa_salarial,de R$ 16.001/mês a R$ 20.000/mês,24,183,13.1
2024-2025,Sudeste,Sênior,Modelo híbrido com dias fixos de trabalho presencial,faixa_salarial,de R$ 2.001/mês a R$ 3.000/mês,2,183,1.1
2024-2025,Sudeste,Sênior,Modelo híbrido com dias fixos de trabalho presencial,faixa_salarial,de R$ 20.001/mês a R$ 25.000/mês,5,183,2.7
2024-2025,Sudeste,Sênior,Modelo híbrido com dias fixos de trabalho presencial,faixa_salarial,de R$ 25.001/mês a R$ 30.000/mês,6,183,3.3
2024-2025,Sudeste,Sênior,Modelo híbrido com dias fixos de trabalho presencial,faixa_salarial,de R$ 30.001/mês a R$ 40.000/mês,4,183,2.2
2024-2025,Sudeste,Sênior,Modelo híbrido com dias fixos de trabalho presencial,faixa_salarial,de R$ 4.001/mês a R$ 6.000/mês,3,183,1.6
2024-2025,Sudeste,Sênior,Modelo híbrido com dias fixos de trabalho presencial,faixa_salarial,de R$ 6.001/mês a R$ 8.000/mês,16,183,8.7
2024-2025,Sudeste,Sênior,Modelo híbrido com dias fixos de trabalho presencial,faixa_salarial,de R$ 8.001/mês a R$ 12.000/mês,69,183,37.7
2024-2025,Sudeste,Sênior,Modelo híbrido flexível (o funcionário tem liberdade para escolher quando estar no escritório presencialmente),faixa_salarial,Acima de R$ 40.001/mês,4,226,1.8
2024-2025,Sudeste,Sênior,Modelo híbrido flexível (o funcionário tem liberdade para escolher quando estar no escritório presencialmente),faixa_salarial,de R$ 12.001/mês a R$ 16.000/mês,60,226,26.5
2024-2025,Sudeste,Sênior,Modelo híbrido flexível (o funcionário tem liberdade para escolher quando estar no escritório presencialmente),faixa_salarial,de R$ 16.001/mês a R$ 20.000/mês,42,226,18.6
2024-2025,Sudeste,Sênior,Modelo híbrido flexível (o funcionário tem liberdade para escolher quando estar no escritório presencialmente),faixa_salarial,de R$ 20.001/mês a R$ 25.000/mês,12,226,5.3
2024-2025,Sudeste,Sênior,Modelo híbrido flexível (o funcionário tem liberdade para escolher quando estar no escritório presencialmente),faixa_salarial,de R$ 25.001/mês a R$ 30.000/mês,3,226,1.3
2024-2025,Sudeste,Sênior,Modelo híbrido flexível (o funcionário tem liberdade para escolher quando estar no escritório presencialmente),faixa_salarial,de R$ 3.001/mês a R$ 4.000/mês,1,226,0.4
2024-2025,Sudeste,Sênior,Modelo híbrido flexível (o funcionário tem liberdade para escolher quando estar no escritório presencialmente),faixa_salarial,de R$ 30.001/mês a R$ 40.000/mês,5,226,2.2
2024-2025,Sudeste,Sênior,Modelo híbrido flexível (o funcionário tem liberdade para escolher quando estar no escritório presencialmente),faixa_salarial,de R$ 4.001/mês a R$ 6.000/mês,5,226,2.2
2024-2025,Sudeste,Sênior,Modelo híbrido flexível (o funcionário tem liberdade para escolher quando estar no escritório presencialmente),faixa_salarial,de R$ 6.001/mês a R$ 8.000/mês,9,226,4.0
2024-2025,Sudeste,Sênior,Modelo híbrido flexível (o funcionário tem liberdade para escolher quando estar no escritório presencialmente),faixa_salarial,de R$ 8.001/mês a R$ 12.000/mês,85,226,37.6
2024-2025,Sul,Júnior,Modelo 100% presencial,faixa_salarial,Menos de R$ 1.000/mês,3,63,4.8
2024-2025,Sul,Júnior,Modelo 100% presencial,faixa_salarial,de R$ 1.001/mês a R$ 2.000/mês,5,63,7.9
2024-2025,Sul,Júnior,Modelo 100% presencial,faixa_salarial,de R$ 12.001/mês a R$ 16.000/mês,1,63,1.6
2024-2025,Sul,Júnior,Modelo 100% presencial,faixa_salarial,de R$ 2.001/mês a R$ 3.000/mês,17,63,27.0
2024-2025,Sul,Júnior,Modelo 100% presencial,faixa_salarial,de R$ 3.001/mês a R$ 4.000/mês,17,63,27.0
2024-2025,Sul,Júnior,Modelo 100% presencial,faixa_salarial,de R$ 4.001/mês a R$ 6.000/mês,17,63,27.0
2024-2025,Sul,Júnior,Modelo 100% presencial,faixa_salarial,de R$ 6.001/mês a R$ 8.000/mês,2,63,3.2
2024-2025,Sul,Júnior,Modelo 100% presencial,faixa_salarial,de R$ 8.001/mês a R$ 12.000/mês,1,63,1.6
2024-2025,Sul,Júnior,Modelo 100% remoto,faixa_salarial,Menos de R$ 1.000/mês,1,60,1.7
2024-2025,Sul,Júnior,Modelo 100% remoto,faixa_salarial,de R$ 1.001/mês a R$ 2.000/mês,6,60,10.0
2024-2025,Sul,Júnior,Modelo 100% remoto,faixa_salarial,de R$ 2.001/mês a R$ 3.000/mês,12,60,20.0
2024-2025,Sul,Júnior,Modelo 100% remoto,faixa_salarial,de R$ 3.001/mês a R$ 4.000/mês,15,60,25.0
2024-2025,Sul,Júnior,Modelo 100% remoto,faixa_salarial,de R$ 4.001/mês a R$ 6.000/mês,22,60,36.7
2024-2025,Sul,Júnior,Modelo 100% remoto,faixa_salarial,de R$ 6.001/mês a R$ 8.000/mês,1,60,1.7
2024-2025,Sul,Júnior,Modelo 100% remoto,faixa_salarial,de R$ 8.001/mês a R$ 12.000/mês,3,60,5.0
2024-2025,Sul,Júnior,Modelo híbrido com dias fixos de trabalho presencial,faixa_salarial,Menos de R$ 1.000/mês,1,24,4.2
2024-2025,Sul,Júnior,Modelo híbrido com dias fixos de trabalho presencial,faixa_salarial,de R$ 1.001/mês a R$ 2.000/mês,2,24,8.3
2024-2025,Sul,Júnior,Modelo híbrido com dias fixos de trabalho presencial,faixa_salarial,de R$ 2.001/mês a R$ 3.000/mês,7,24,29.2
2024-2025,Sul,Júnior,Modelo híbrido com dias fixos de trabalho presencial,faixa_salarial,de R$ 3.001/mês a R$ 4.000/mês,6,24,25.0
2024-2025,Sul,Júnior,Modelo híbrido com dias fixos de trabalho presencial,faixa_salarial,de R$ 4.001/mês a R$ 6.000/mês,4,24,16.7
2024-2025,Sul,Júnior,Modelo híbrido com dias fixos de trabalho presencial,faixa_salarial,de R$ 6.001/mês a R$ 8.000/mês,1,24,4.2
2024-2025,Sul,Júnior,Modelo híbrido com dias fixos de trabalho presencial,faixa_salarial,de R$ 8.001/mês a R$ 12.000/mês,3,24,12.5
2024-2025,Sul,Júnior,Modelo híbrido flexível (o funcionário tem liberdade para escolher quando estar no escritório presencialmente),faixa_salarial,de R$ 1.001/mês a R$ 2.000/mês,5,36,13.9
2024-2025,Sul,Júnior,Modelo híbrido flexível (o funcionário tem liberdade para escolher quando estar no escritório presencialmente),faixa_salarial,de R$ 2.001/mês a R$ 3.000/mês,9,36,25.0
2024-2025,Sul,Júnior,Modelo híbrido flexível (o funcionário tem liberdade para escolher quando estar no escritório presencialmente),faixa_salarial,de R$ 3.001/mês a R$ 4.000/mês,7,36,19.4
2024-2025,Sul,Júnior,Modelo híbrido flexível (o funcionário tem liberdade para escolher quando estar no escritório presencialmente),faixa_salarial,de R$ 4.001/mês a R$ 6.000/mês,10,36,27.8
2024-2025,Sul,Júnior,Modelo híbrido flexível (o funcionário tem liberdade para escolher quando estar no escritório presencialmente),faixa_salarial,de R$ 6.001/mês a R$ 8.000/mês,3,36,8.3
2024-2025,Sul,Júnior,Modelo híbrido flexível (o funcionário tem liberdade para escolher quando estar no escritório presencialmente),faixa_salarial,de R$ 8.001/mês a R$ 12.000/mês,2,36,5.6
2024-2025,Sul,Pleno,Modelo 100% presencial,faixa_salarial,de R$ 12.001/mês a R$ 16.000/mês,4,67,6.0
2024-2025,Sul,Pleno,Modelo 100% presencial,faixa_salarial,de R$ 16.001/mês a R$ 20.000/mês,1,67,1.5
2024-2025,Sul,Pleno,Modelo 100% presencial,faixa_salarial,de R$ 2.001/mês a R$ 3.000/mês,6,67,9.0
2024-2025,Sul,Pleno,Modelo 100% presencial,faixa_salarial,de R$ 3.001/mês a R$ 4.000/mês,8,67,11.9
2024-2025,Sul,Pleno,Modelo 100% presencial,faixa_salarial,de R$ 4.001/mês a R$ 6.000/mês,22,67,32.8
2024-2025,Sul,Pleno,Modelo 100% presencial,faixa_salarial,de R$ 6.001/mês a R$ 8.000/mês,21,67,31.3
2024-2025,Sul,Pleno,Modelo 100% presencial,faixa_salarial,de R$ 8.001/mês a R$ 12.000/mês,5,67,7.5
2024-2025,Sul,Pleno,Modelo 100% remoto,faixa_salarial,de R$ 12.001/mês a R$ 16.000/mês,11,141,7.8
2024-2025,Sul,Pleno,Modelo 100% remoto,faixa_salarial,de R$ 16.001/mês a R$ 20.000/mês,1,141,0.7
2024-2025,Sul,Pleno,Modelo 100% remoto,faixa_salarial,de R$ 2.001/mês a R$ 3.000/mês,1,141,0.7
2024-2025,Sul,Pleno,Modelo 100% remoto,faixa_salarial,de R$ 25.001/mês a R$ 30.000/mês,2,141,1.4
2024-2025,Sul,Pleno,Modelo 100% remoto,faixa_salarial,de R$ 3.001/mês a R$ 4.000/mês,3,141,2.1
2024-2025,Sul,Pleno,Modelo 100% remoto,faixa_salarial,de R$ 4.001/mês a R$ 6.000/mês,25,141,17.7
2024-2025,Sul,Pleno,Modelo 100% remoto,faixa_salarial,de R$ 6.001/mês a R$ 8.000/mês,49,141,34.8
2024-2025,Sul,Pleno,Modelo 100% remoto,faixa_salarial,de R$ 8.001/mês a R$ 12.000/mês,49,141,34.8
2024-2025,Sul,Pleno,Modelo híbrido com dias fixos de trabalho presencial,faixa_salarial,de R$ 2.001/mês a R$ 3.000/mês,2,54,3.7
2024-2025,Sul,Pleno,Modelo híbrido com dias fixos de trabalho presencial,faixa_salarial,de R$ 3.001/mês a R$ 4.000/mês,8,54,14.8
2024-2025,Sul,Pleno,Modelo híbrido com dias fixos de trabalho presencial,faixa_salarial,de R$ 4.001/mês a R$ 6.000/mês,23,54,42.6
2024-2025,Sul,Pleno,Modelo híbrido com dias fixos de trabalho presencial,faixa_salarial,de R$ 6.001/mês a R$ 8.000/mês,10,54,18.5
2024-2025,Sul,Pleno,Modelo híbrido com dias fixos de trabalho presencial,faixa_salarial,de R$ 8.001/mês a R$ 12.000/mês,11,54,20.4
2024-2025,Sul,Pleno,Modelo híbrido flexível (o funcionário tem liberdade para escolher quando estar no escritório presencialmente),faixa_salarial,de R$ 12.001/mês a R$ 16.000/mês,3,41,7.3
2024-2025,Sul,Pleno,Modelo híbrido flexível (o funcionário tem liberdade para escolher quando estar no escritório presencialmente),faixa_salarial,de R$ 16.001/mês a R$ 20.000/mês,1,41,2.4
2024-2025,Sul,Pleno,Modelo híbrido flexível (o funcionário tem liberdade para escolher quando estar no escritório presencialmente),faixa_salarial,de R$ 3.001/mês a R$ 4.000/mês,2,41,4.9
2024-2025,Sul,Pleno,Modelo híbrido flexível (o funcionário tem liberdade para escolher quando estar no escritório presencialmente),faixa_salarial,de R$ 4.001/mês a R$ 6.000/mês,12,41,29.3
2024-2025,Sul,Pleno,Modelo híbrido flexível (o funcionário tem liberdade para escolher quando estar no escritório presencialmente),faixa_salarial,de R$ 6.001/mês a R$ 8.000/mês,14,41,34.1
2024-2025,Sul,Pleno,Modelo híbrido flexível (o funcionário tem liberdade para escolher quando estar no escritório presencialmente),faixa_salarial,de R$ 8.001/mês a R$ 12.000/mês,9,41,22.0
2024-2025,Sul,Sênior,Modelo 100% presencial,faixa_salarial,de R$ 12.001/mês a R$ 16.000/mês,7,38,18.4
2024-2025,Sul,Sênior,Modelo 100% presencial,faixa_salarial,de R$ 16.001/mês a R$ 20.000/mês,2,38,5.3
2024-2025,Sul,Sênior,Modelo 100% presencial,faixa_salarial,de R$ 2.001/mês a R$ 3.000/mês,2,38,5.3
2024-2025,Sul,Sênior,Modelo 100% presencial,faixa_salarial,de R$ 3.001/mês a R$ 4.000/mês,3,38,7.9
2024-2025,Sul,Sênior,Modelo 100% presencial,faixa_salarial,de R$ 4.001/mês a R$ 6.000/mês,7,38,18.4
2024-2025,Sul,Sênior,Modelo 100% presencial,faixa_salarial,de R$ 6.001/mês a R$ 8.000/mês,10,38,26.3
2024-2025,Sul,Sênior,Modelo 100% presencial,faixa_salarial,de R$ 8.001/mês a R$ 12.000/mês,7,38,18.4
2024-2025,Sul,Sênior,Modelo 100% remoto,faixa_salarial,Acima de R$ 40.001/mês,4,213,1.9
2024-2025,Sul,Sênior,Modelo 100% remoto,faixa_salarial,de R$ 12.001/mês a R$ 16.000/mês,71,213,33.3
2024-2025,Sul,Sênior,Modelo 100% remoto,faixa_salarial,de R$ 16.001/mês a R$ 20.000/mês,27,213,12.7
2024-2025,Sul,Sênior,Modelo 100% remoto,faixa_salarial,de R$ 20.001/mês a R$ 25.000/mês,9,213,4.2
2024-2025,Sul,Sênior,Modelo 100% remoto,faixa_salarial,de R$ 25.001/mês a R$ 30.000/mês,4,213,1.9
2024-2025,Sul,Sênior,Modelo 100% remoto,faixa_salarial,de R$ 30.001/mês a R$ 40.000/mês,7,213,3.3
2024-2025,Sul,Sênior,Modelo 100% remoto,faixa_salarial,de R$ 4.001/mês a R$ 6.000/mês,2,213,0.9
2024-2025,Sul,Sênior,Modelo 100% remoto,faixa_salarial,de R$ 6.001/mês a R$ 8.000/mês,12,213,5.6
2024-2025,Sul,Sênior,Modelo 100% remoto,faixa_salarial,de R$ 8.001/mês a R$ 12.000/mês,77,213,36.2
2024-2025,Sul,Sênior,Modelo híbrido com dias fixos de trabalho presencial,faixa_salarial,de R$ 12.001/mês a R$ 16.000/mês,6,36,16.7
2024-2025,Sul,Sênior,Modelo híbrido com dias fixos de trabalho presencial,faixa_salarial,de R$ 16.001/mês a R$ 20.000/mês,6,36,16.7
2024-2025,Sul,Sênior,Modelo híbrido com dias fixos de trabalho presencial,faixa_salarial,de R$ 20.001/mês a R$ 25.000/mês,1,36,2.8
2024-2025,Sul,Sênior,Modelo híbrido com dias fixos de trabalho presencial,faixa_salarial,de R$ 25.001/mês a R$ 30.000/mês,1,36,2.8
2024-2025,Sul,Sênior,Modelo híbrido com dias fixos de trabalho presencial,faixa_salarial,de R$ 4.001/mês a R$ 6.000/mês,2,36,5.6
2024-2025,Sul,Sênior,Modelo híbrido com dias fixos de trabalho presencial,faixa_salarial,de R$ 6.001/mês a R$ 8.000/mês,10,36,27.8
2024-2025,Sul,Sênior,Modelo híbrido com dias fixos de trabalho presencial,faixa_salarial,de R$ 8.001/mês a R$ 12.000/mês,10,36,27.8
2024-2025,Sul,Sênior,Modelo híbrido flexível (o funcionário tem liberdade para escolher quando estar no escritório presencialmente),faixa_salarial,de R$ 12.001/mês a R$ 16.000/mês,16,49,32.7
2024-2025,Sul,Sênior,Modelo híbrido flexível (o funcionário tem liberdade para escolher quando estar no escritório presencialmente),faixa_salarial,de R$ 16.001/mês a R$ 20.000/mês,3,49,6.1
2024-2025,Sul,Sênior,Modelo híbrido flexível (o funcionário tem liberdade para escolher quando estar no escritório presencialmente),faixa_salarial,de R$ 25.001/mês a R$ 30.000/mês,2,49,4.1
2024-2025,Sul,Sênior,Modelo híbrido flexível (o funcionário tem liberdade para escolher quando estar no escritório presencialmente),faixa_salarial,de R$ 4.001/mês a R$ 6.000/mês,2,49,4.1
2024-2025,Sul,Sênior,Modelo híbrido flexível (o funcionário tem liberdade para escolher quando estar no escritório presencialmente),faixa_salarial,de R$ 6.001/mês a R$ 8.000/mês,7,49,14.3
2024-2025,Sul,Sênior,Modelo híbrido flexível (o funcionário tem liberdade para escolher quando estar no escritório presencialmente),faixa_salarial,de R$ 8.001/mês a R$ 12.000/mês,19,49,38.8
2025-2026,Centro-oeste,Especialista/Staff+,Modelo 100% presencial,faixa_salarial,de R$ 12.001/mês a R$ 16.000/mês,1,3,33.3
2025-2026,Centro-oeste,Especialista/Staff+,Modelo 100% presencial,faixa_salarial,de R$ 8.001/mês a R$ 12.000/mês,2,3,66.7
2025-2026,Centro-oeste,Especialista/Staff+,Modelo 100% remoto,faixa_salarial,Acima de R$ 40.001/mês,4,9,44.4
2025-2026,Centro-oeste,Especialista/Staff+,Modelo 100% remoto,faixa_salarial,de R$ 16.001/mês a R$ 20.000/mês,1,9,11.1
2025-2026,Centro-oeste,Especialista/Staff+,Modelo 100% remoto,faixa_salarial,de R$ 20.001/mês a R$ 25.000/mês,1,9,11.1
2025-2026,Centro-oeste,Especialista/Staff+,Modelo 100% remoto,faixa_salarial,de R$ 25.001/mês a R$ 30.000/mês,1,9,11.1
2025-2026,Centro-oeste,Especialista/Staff+,Modelo 100% remoto,faixa_salarial,de R$ 30.001/mês a R$ 40.000/mês,2,9,22.2
2025-2026,Centro-oeste,Especialista/Staff+,Modelo híbrido com dias fixos de trabalho presencial,faixa_salarial,de R$ 6.001/mês a R$ 8.000/mês,1,1,100.0
2025-2026,Centro-oeste,Especialista/Staff+,Modelo híbrido flexível (o funcionário tem liberdade para escolher quando estar no escritório presencialmente),faixa_salarial,de R$ 12.001/mês a R$ 16.000/mês,2,4,50.0
2025-2026,Centro-oeste,Especialista/Staff+,Modelo híbrido flexível (o funcionário tem liberdade para escolher quando estar no escritório presencialmente),faixa_salarial,de R$ 20.001/mês a R$ 25.000/mês,1,4,25.0
2025-2026,Centro-oeste,Especialista/Staff+,Modelo híbrido flexível (o funcionário tem liberdade para escolher quando estar no escritório presencialmente),faixa_salarial,de R$ 8.001/mês a R$ 12.000/mês,1,4,25.0
2025-2026,Centro-oeste,Júnior,Modelo 100% presencial,faixa_salarial,Menos de R$ 1.000/mês,2,21,9.5
2025-2026,Centro-oeste,Júnior,Modelo 100% presencial,faixa_salarial,de R$ 1.001/mês a R$ 2.000/mês,5,21,23.8
2025-2026,Centro-oeste,Júnior,Modelo 100% presencial,faixa_salarial,de R$ 2.001/mês a R$ 3.000/mês,6,21,28.6
2025-2026,Centro-oeste,Júnior,Modelo 100% presencial,faixa_salarial,de R$ 3.001/mês a R$ 4.000/mês,4,21,19.0
2025-2026,Centro-oeste,Júnior,Modelo 100% presencial,faixa_salarial,de R$ 4.001/mês a R$ 6.000/mês,3,21,14.3
2025-2026,Centro-oeste,Júnior,Modelo 100% presencial,faixa_salarial,de R$ 6.001/mês a R$ 8.000/mês,1,21,4.8
2025-2026,Centro-oeste,Júnior,Modelo 100% remoto,faixa_salarial,de R$ 1.001/mês a R$ 2.000/mês,2,8,25.0
2025-2026,Centro-oeste,Júnior,Modelo 100% remoto,faixa_salarial,de R$ 2.001/mês a R$ 3.000/mês,1,8,12.5
2025-2026,Centro-oeste,Júnior,Modelo 100% remoto,faixa_salarial,de R$ 3.001/mês a R$ 4.000/mês,1,8,12.5
2025-2026,Centro-oeste,Júnior,Modelo 100% remoto,faixa_salarial,de R$ 4.001/mês a R$ 6.000/mês,4,8,50.0
2025-2026,Centro-oeste,Júnior,Modelo híbrido com dias fixos de trabalho presencial,faixa_salarial,de R$ 1.001/mês a R$ 2.000/mês,1,8,12.5
2025-2026,Centro-oeste,Júnior,Modelo híbrido com dias fixos de trabalho presencial,faixa_salarial,de R$ 3.001/mês a R$ 4.000/mês,2,8,25.0
2025-2026,Centro-oeste,Júnior,Modelo híbrido com dias fixos de trabalho presencial,faixa_salarial,de R$ 4.001/mês a R$ 6.000/mês,1,8,12.5
2025-2026,Centro-oeste,Júnior,Modelo híbrido com dias fixos de trabalho presencial,faixa_salarial,de R$ 6.001/mês a R$ 8.000/mês,1,8,12.5
2025-2026,Centro-oeste,Júnior,Modelo híbrido com dias fixos de trabalho presencial,faixa_salarial,de R$ 8.001/mês a R$ 12.000/mês,3,8,37.5
2025-2026,Centro-oeste,Júnior,Modelo híbrido flexível (o funcionário tem liberdade para escolher quando estar no escritório presencialmente),faixa_salarial,de R$ 4.001/mês a R$ 6.000/mês,1,3,33.3
2025-2026,Centro-oeste,Júnior,Modelo híbrido flexível (o funcionário tem liberdade para escolher quando estar no escritório presencialmente),faixa_salarial,de R$ 8.001/mês a R$ 12.000/mês,2,3,66.7
2025-2026,Centro-oeste,Pleno,Modelo 100% presencial,faixa_salarial,de R$ 12.001/mês a R$ 16.000/mês,2,21,9.5
2025-2026,Centro-oeste,Pleno,Modelo 100% presencial,faixa_salarial,de R$ 20.001/mês a R$ 25.000/mês,1,21,4.8
2025-2026,Centro-oeste,Pleno,Modelo 100% presencial,faixa_salarial,de R$ 3.001/mês a R$ 4.000/mês,3,21,14.3
2025-2026,Centro-oeste,Pleno,Modelo 100% presencial,faixa_salarial,de R$ 4.001/mês a R$ 6.000/mês,3,21,14.3
2025-2026,Centro-oeste,Pleno,Modelo 100% presencial,faixa_salarial,de R$ 6.001/mês a R$ 8.000/mês,4,21,19.0
2025-2026,Centro-oeste,Pleno,Modelo 100% presencial,faixa_salarial,de R$ 8.001/mês a R$ 12.000/mês,8,21,38.1
2025-2026,Centro-oeste,Pleno,Modelo 100% remoto,faixa_salarial,de R$ 12.001/mês a R$ 16.000/mês,1,17,5.9
2025-2026,Centro-oeste,Pleno,Modelo 100% remoto,faixa_salarial,de R$ 3.001/mês a R$ 4.000/mês,2,17,11.8
2025-2026,Centro-oeste,Pleno,Modelo 100% remoto,faixa_salarial,de R$ 4.001/mês a R$ 6.000/mês,4,17,23.5
2025-2026,Centro-oeste,Pleno,Modelo 100% remoto,faixa_salarial,de R$ 6.001/mês a R$ 8.000/mês,5,17,29.4
2025-2026,Centro-oeste,Pleno,Modelo 100% remoto,faixa_salarial,de R$ 8.001/mês a R$ 12.000/mês,5,17,29.4
2025-2026,Centro-oeste,Pleno,Modelo híbrido com dias fixos de trabalho presencial,faixa_salarial,de R$ 12.001/mês a R$ 16.000/mês,1,10,10.0
2025-2026,Centro-oeste,Pleno,Modelo híbrido com dias fixos de trabalho presencial,faixa_salarial,de R$ 4.001/mês a R$ 6.000/mês,5,10,50.0
2025-2026,Centro-oeste,Pleno,Modelo híbrido com dias fixos de trabalho presencial,faixa_salarial,de R$ 6.001/mês a R$ 8.000/mês,1,10,10.0
2025-2026,Centro-oeste,Pleno,Modelo híbrido com dias fixos de trabalho presencial,faixa_salarial,de R$ 8.001/mês a R$ 12.000/mês,3,10,30.0
2025-2026,Centro-oeste,Pleno,Modelo híbrido flexível (o funcionário tem liberdade para escolher quando estar no escritório presencialmente),faixa_salarial,de R$ 12.001/mês a R$ 16.000/mês,1,5,20.0
2025-2026,Centro-oeste,Pleno,Modelo híbrido flexível (o funcionário tem liberdade para escolher quando estar no escritório presencialmente),faixa_salarial,de R$ 4.001/mês a R$ 6.000/mês,1,5,20.0
2025-2026,Centro-oeste,Pleno,Modelo híbrido flexível (o funcionário tem liberdade para escolher quando estar no escritório presencialmente),faixa_salarial,de R$ 8.001/mês a R$ 12.000/mês,3,5,60.0
2025-2026,Centro-oeste,Sênior,Modelo 100% presencial,faixa_salarial,de R$ 12.001/mês a R$ 16.000/mês,1,15,6.7
2025-2026,Centro-oeste,Sênior,Modelo 100% presencial,faixa_salarial,de R$ 20.001/mês a R$ 25.000/mês,2,15,13.3
2025-2026,Centro-oeste,Sênior,Modelo 100% presencial,faixa_salarial,de R$ 4.001/mês a R$ 6.000/mês,5,15,33.3
2025-2026,Centro-oeste,Sênior,Modelo 100% presencial,faixa_salarial,de R$ 6.001/mês a R$ 8.000/mês,2,15,13.3
2025-2026,Centro-oeste,Sênior,Modelo 100% presencial,faixa_salarial,de R$ 8.001/mês a R$ 12.000/mês,5,15,33.3
2025-2026,Centro-oeste,Sênior,Modelo 100% remoto,faixa_salarial,Acima de R$ 40.001/mês,3,28,10.7
2025-2026,Centro-oeste,Sênior,Modelo 100% remoto,faixa_salarial,de R$ 12.001/mês a R$ 16.000/mês,3,28,10.7
2025-2026,Centro-oeste,Sênior,Modelo 100% remoto,faixa_salarial,de R$ 16.001/mês a R$ 20.000/mês,7,28,25.0
2025-2026,Centro-oeste,Sênior,Modelo 100% remoto,faixa_salarial,de R$ 25.001/mês a R$ 30.000/mês,4,28,14.3
2025-2026,Centro-oeste,Sênior,Modelo 100% remoto,faixa_salarial,de R$ 3.001/mês a R$ 4.000/mês,1,28,3.6
2025-2026,Centro-oeste,Sênior,Modelo 100% remoto,faixa_salarial,de R$ 30.001/mês a R$ 40.000/mês,1,28,3.6
2025-2026,Centro-oeste,Sênior,Modelo 100% remoto,faixa_salarial,de R$ 4.001/mês a R$ 6.000/mês,1,28,3.6
2025-2026,Centro-oeste,Sênior,Modelo 100% remoto,faixa_salarial,de R$ 6.001/mês a R$ 8.000/mês,2,28,7.1
2025-2026,Centro-oeste,Sênior,Modelo 100% remoto,faixa_salarial,de R$ 8.001/mês a R$ 12.000/mês,6,28,21.4
2025-2026,Centro-oeste,Sênior,Modelo híbrido com dias fixos de trabalho presencial,faixa_salarial,de R$ 12.001/mês a R$ 16.000/mês,2,8,25.0
2025-2026,Centro-oeste,Sênior,Modelo híbrido com dias fixos de trabalho presencial,faixa_salarial,de R$ 16.001/mês a R$ 20.000/mês,2,8,25.0
2025-2026,Centro-oeste,Sênior,Modelo híbrido com dias fixos de trabalho presencial,faixa_salarial,de R$ 4.001/mês a R$ 6.000/mês,1,8,12.5
2025-2026,Centro-oeste,Sênior,Modelo híbrido com dias fixos de trabalho presencial,faixa_salarial,de R$ 6.001/mês a R$ 8.000/mês,1,8,12.5
2025-2026,Centro-oeste,Sênior,Modelo híbrido com dias fixos de trabalho presencial,faixa_salarial,de R$ 8.001/mês a R$ 12.000/mês,2,8,25.0
2025-2026,Centro-oeste,Sênior,Modelo híbrido flexível (o funcionário tem liberdade para escolher quando estar no escritório presencialmente),faixa_salarial,de R$ 12.001/mês a R$ 16.000/mês,1,9,11.1
2025-2026,Centro-oeste,Sênior,Modelo híbrido flexível (o funcionário tem liberdade para escolher quando estar no escritório presencialmente),faixa_salarial,de R$ 16.001/mês a R$ 20.000/mês,1,9,11.1
2025-2026,Centro-oeste,Sênior,Modelo híbrido flexível (o funcionário tem liberdade para escolher quando estar no escritório presencialmente),faixa_salarial,de R$ 20.001/mês a R$ 25.000/mês,2,9,22.2
2025-2026,Centro-oeste,Sênior,Modelo híbrido flexível (o funcionário tem liberdade para escolher quando estar no escritório presencialmente),faixa_salarial,de R$ 3.001/mês a R$ 4.000/mês,1,9,11.1
2025-2026,Centro-oeste,Sênior,Modelo híbrido flexível (o funcionário tem liberdade para escolher quando estar no escritório presencialmente),faixa_salarial,de R$ 6.001/mês a R$ 8.000/mês,1,9,11.1
2025-2026,Centro-oeste,Sênior,Modelo híbrido flexível (o funcionário tem liberdade para escolher quando estar no escritório presencialmente),faixa_salarial,de R$ 8.001/mês a R$ 12.000/mês,3,9,33.3
2025-2026,Nordeste,Especialista/Staff+,Modelo 100% presencial,faixa_salarial,de R$ 8.001/mês a R$ 12.000/mês,1,1,100.0
2025-2026,Nordeste,Especialista/Staff+,Modelo 100% remoto,faixa_salarial,de R$ 12.001/mês a R$ 16.000/mês,4,9,44.4
2025-2026,Nordeste,Especialista/Staff+,Modelo 100% remoto,faixa_salarial,de R$ 16.001/mês a R$ 20.000/mês,2,9,22.2
2025-2026,Nordeste,Especialista/Staff+,Modelo 100% remoto,faixa_salarial,de R$ 25.001/mês a R$ 30.000/mês,1,9,11.1
2025-2026,Nordeste,Especialista/Staff+,Modelo 100% remoto,faixa_salarial,de R$ 8.001/mês a R$ 12.000/mês,2,9,22.2
2025-2026,Nordeste,Especialista/Staff+,Modelo híbrido com dias fixos de trabalho presencial,faixa_salarial,de R$ 16.001/mês a R$ 20.000/mês,2,2,100.0
2025-2026,Nordeste,Especialista/Staff+,Modelo híbrido flexível (o funcionário tem liberdade para escolher quando estar no escritório presencialmente),faixa_salarial,de R$ 12.001/mês a R$ 16.000/mês,1,5,20.0
2025-2026,Nordeste,Especialista/Staff+,Modelo híbrido flexível (o funcionário tem liberdade para escolher quando estar no escritório presencialmente),faixa_salarial,de R$ 16.001/mês a R$ 20.000/mês,2,5,40.0
2025-2026,Nordeste,Especialista/Staff+,Modelo híbrido flexível (o funcionário tem liberdade para escolher quando estar no escritório presencialmente),faixa_salarial,de R$ 20.001/mês a R$ 25.000/mês,2,5,40.0
2025-2026,Nordeste,Júnior,Modelo 100% presencial,faixa_salarial,Menos de R$ 1.000/mês,1,27,3.7
2025-2026,Nordeste,Júnior,Modelo 100% presencial,faixa_salarial,de R$ 1.001/mês a R$ 2.000/mês,6,27,22.2
2025-2026,Nordeste,Júnior,Modelo 100% presencial,faixa_salarial,de R$ 2.001/mês a R$ 3.000/mês,11,27,40.7
2025-2026,Nordeste,Júnior,Modelo 100% presencial,faixa_salarial,de R$ 3.001/mês a R$ 4.000/mês,4,27,14.8
2025-2026,Nordeste,Júnior,Modelo 100% presencial,faixa_salarial,de R$ 4.001/mês a R$ 6.000/mês,2,27,7.4
2025-2026,Nordeste,Júnior,Modelo 100% presencial,faixa_salarial,de R$ 8.001/mês a R$ 12.000/mês,3,27,11.1
2025-2026,Nordeste,Júnior,Modelo 100% remoto,faixa_salarial,Menos de R$ 1.000/mês,2,29,6.9
2025-2026,Nordeste,Júnior,Modelo 100% remoto,faixa_salarial,de R$ 1.001/mês a R$ 2.000/mês,9,29,31.0
2025-2026,Nordeste,Júnior,Modelo 100% remoto,faixa_salarial,de R$ 2.001/mês a R$ 3.000/mês,2,29,6.9
2025-2026,Nordeste,Júnior,Modelo 100% remoto,faixa_salarial,de R$ 3.001/mês a R$ 4.000/mês,4,29,13.8
2025-2026,Nordeste,Júnior,Modelo 100% remoto,faixa_salarial,de R$ 4.001/mês a R$ 6.000/mês,9,29,31.0
2025-2026,Nordeste,Júnior,Modelo 100% remoto,faixa_salarial,de R$ 6.001/mês a R$ 8.000/mês,2,29,6.9
2025-2026,Nordeste,Júnior,Modelo 100% remoto,faixa_salarial,de R$ 8.001/mês a R$ 12.000/mês,1,29,3.4
2025-2026,Nordeste,Júnior,Modelo híbrido com dias fixos de trabalho presencial,faixa_salarial,de R$ 1.001/mês a R$ 2.000/mês,1,8,12.5
2025-2026,Nordeste,Júnior,Modelo híbrido com dias fixos de trabalho presencial,faixa_salarial,de R$ 2.001/mês a R$ 3.000/mês,4,8,50.0
2025-2026,Nordeste,Júnior,Modelo híbrido com dias fixos de trabalho presencial,faixa_salarial,de R$ 4.001/mês a R$ 6.000/mês,2,8,25.0
2025-2026,Nordeste,Júnior,Modelo híbrido com dias fixos de trabalho presencial,faixa_salarial,de R$ 8.001/mês a R$ 12.000/mês,1,8,12.5
2025-2026,Nordeste,Júnior,Modelo híbrido flexível (o funcionário tem liberdade para escolher quando estar no escritório presencialmente),faixa_salarial,de R$ 2.001/mês a R$ 3.000/mês,1,5,20.0
2025-2026,Nordeste,Júnior,Modelo híbrido flexível (o funcionário tem liberdade para escolher quando estar no escritório presencialmente),faixa_salarial,de R$ 6.001/mês a R$ 8.000/mês,4,5,80.0
2025-2026,Nordeste,Pleno,Modelo 100% presencial,faixa_salarial,de R$ 1.001/mês a R$ 2.000/mês,3,24,12.5
2025-2026,Nordeste,Pleno,Modelo 100% presencial,faixa_salarial,de R$ 2.001/mês a R$ 3.000/mês,3,24,12.5
2025-2026,Nordeste,Pleno,Modelo 100% presencial,faixa_salarial,de R$ 3.001/mês a R$ 4.000/mês,4,24,16.7
2025-2026,Nordeste,Pleno,Modelo 100% presencial,faixa_salarial,de R$ 4.001/mês a R$ 6.000/mês,6,24,25.0
2025-2026,Nordeste,Pleno,Modelo 100% presencial,faixa_salarial,de R$ 6.001/mês a R$ 8.000/mês,2,24,8.3
2025-2026,Nordeste,Pleno,Modelo 100% presencial,faixa_salarial,de R$ 8.001/mês a R$ 12.000/mês,6,24,25.0
2025-2026,Nordeste,Pleno,Modelo 100% remoto,faixa_salarial,de R$ 1.001/mês a R$ 2.000/mês,2,56,3.6
2025-2026,Nordeste,Pleno,Modelo 100% remoto,faixa_salarial,de R$ 12.001/mês a R$ 16.000/mês,6,56,10.7
2025-2026,Nordeste,Pleno,Modelo 100% remoto,faixa_salarial,de R$ 16.001/mês a R$ 20.000/mês,1,56,1.8
2025-2026,Nordeste,Pleno,Modelo 100% remoto,faixa_salarial,de R$ 20.001/mês a R$ 25.000/mês,1,56,1.8
2025-2026,Nordeste,Pleno,Modelo 100% remoto,faixa_salarial,de R$ 3.001/mês a R$ 4.000/mês,2,56,3.6
2025-2026,Nordeste,Pleno,Modelo 100% remoto,faixa_salarial,de R$ 4.001/mês a R$ 6.000/mês,7,56,12.5
2025-2026,Nordeste,Pleno,Modelo 100% remoto,faixa_salarial,de R$ 6.001/mês a R$ 8.000/mês,14,56,25.0
2025-2026,Nordeste,Pleno,Modelo 100% remoto,faixa_salarial,de R$ 8.001/mês a R$ 12.000/mês,23,56,41.1
2025-2026,Nordeste,Pleno,Modelo híbrido com dias fixos de trabalho presencial,faixa_salarial,de R$ 3.001/mês a R$ 4.000/mês,1,10,10.0
2025-2026,Nordeste,Pleno,Modelo híbrido com dias fixos de trabalho presencial,faixa_salarial,de R$ 4.001/mês a R$ 6.000/mês,6,10,60.0
2025-2026,Nordeste,Pleno,Modelo híbrido com dias fixos de trabalho presencial,faixa_salarial,de R$ 6.001/mês a R$ 8.000/mês,3,10,30.0
2025-2026,Nordeste,Pleno,Modelo híbrido flexível (o funcionário tem liberdade para escolher quando estar no escritório presencialmente),faixa_salarial,de R$ 4.001/mês a R$ 6.000/mês,1,4,25.0
2025-2026,Nordeste,Pleno,Modelo híbrido flexível (o funcionário tem liberdade para escolher quando estar no escritório presencialmente),faixa_salarial,de R$ 6.001/mês a R$ 8.000/mês,1,4,25.0
2025-2026,Nordeste,Pleno,Modelo híbrido flexível (o funcionário tem liberdade para escolher quando estar no escritório presencialmente),faixa_salarial,de R$ 8.001/mês a R$ 12.000/mês,2,4,50.0
2025-2026,Nordeste,Sênior,Modelo 100% presencial,faixa_salarial,de R$ 1.001/mês a R$ 2.000/mês,2,13,15.4
2025-2026,Nordeste,Sênior,Modelo 100% presencial,faixa_salarial,de R$ 12.001/mês a R$ 16.000/mês,1,13,7.7
2025-2026,Nordeste,Sênior,Modelo 100% presencial,faixa_salarial,de R$ 16.001/mês a R$ 20.000/mês,1,13,7.7
2025-2026,Nordeste,Sênior,Modelo 100% presencial,faixa_salarial,de R$ 2.001/mês a R$ 3.000/mês,1,13,7.7
2025-2026,Nordeste,Sênior,Modelo 100% presencial,faixa_salarial,de R$ 3.001/mês a R$ 4.000/mês,2,13,15.4
2025-2026,Nordeste,Sênior,Modelo 100% presencial,faixa_salarial,de R$ 4.001/mês a R$ 6.000/mês,1,13,7.7
2025-2026,Nordeste,Sênior,Modelo 100% presencial,faixa_salarial,de R$ 6.001/mês a R$ 8.000/mês,1,13,7.7
2025-2026,Nordeste,Sênior,Modelo 100% presencial,faixa_salarial,de R$ 8.001/mês a R$ 12.000/mês,4,13,30.8
2025-2026,Nordeste,Sênior,Modelo 100% remoto,faixa_salarial,Acima de R$ 40.001/mês,2,63,3.2
2025-2026,Nordeste,Sênior,Modelo 100% remoto,faixa_salarial,de R$ 12.001/mês a R$ 16.000/mês,21,63,33.3
2025-2026,Nordeste,Sênior,Modelo 100% remoto,faixa_salarial,de R$ 16.001/mês a R$ 20.000/mês,9,63,14.3
2025-2026,Nordeste,Sênior,Modelo 100% remoto,faixa_salarial,de R$ 20.001/mês a R$ 25.000/mês,4,63,6.3
2025-2026,Nordeste,Sênior,Modelo 100% remoto,faixa_salarial,de R$ 25.001/mês a R$ 30.000/mês,4,63,6.3
2025-2026,Nordeste,Sênior,Modelo 100% remoto,faixa_salarial,de R$ 30.001/mês a R$ 40.000/mês,1,63,1.6
2025-2026,Nordeste,Sênior,Modelo 100% remoto,faixa_salarial,de R$ 6.001/mês a R$ 8.000/mês,3,63,4.8
2025-2026,Nordeste,Sênior,Modelo 100% remoto,faixa_salarial,de R$ 8.001/mês a R$ 12.000/mês,19,63,30.2
2025-2026,Nordeste,Sênior,Modelo híbrido com dias fixos de trabalho presencial,faixa_salarial,de R$ 12.001/mês a R$ 16.000/mês,1,4,25.0
2025-2026,Nordeste,Sênior,Modelo híbrido com dias fixos de trabalho presencial,faixa_salarial,de R$ 6.001/mês a R$ 8.000/mês,2,4,50.0
2025-2026,Nordeste,Sênior,Modelo híbrido com dias fixos de trabalho presencial,faixa_salarial,de R$ 8.001/mês a R$ 12.000/mês,1,4,25.0
2025-2026,Nordeste,Sênior,Modelo híbrido flexível (o funcionário tem liberdade para escolher quando estar no escritório presencialmente),faixa_salarial,de R$ 12.001/mês a R$ 16.000/mês,2,6,33.3
2025-2026,Nordeste,Sênior,Modelo híbrido flexível (o funcionário tem liberdade para escolher quando estar no escritório presencialmente),faixa_salarial,de R$ 16.001/mês a R$ 20.000/mês,2,6,33.3
2025-2026,Nordeste,Sênior,Modelo híbrido flexível (o funcionário tem liberdade para escolher quando estar no escritório presencialmente),faixa_salarial,de R$ 6.001/mês a R$ 8.000/mês,1,6,16.7
2025-2026,Nordeste,Sênior,Modelo híbrido flexível (o funcionário tem liberdade para escolher quando estar no escritório presencialmente),faixa_salarial,de R$ 8.001/mês a R$ 12.000/mês,1,6,16.7
2025-2026,Norte,Especialista/Staff+,Modelo 100% remoto,faixa_salarial,de R$ 12.001/mês a R$ 16.000/mês,1,3,33.3
2025-2026,Norte,Especialista/Staff+,Modelo 100% remoto,faixa_salarial,de R$ 20.001/mês a R$ 25.000/mês,1,3,33.3
2025-2026,Norte,Especialista/Staff+,Modelo 100% remoto,faixa_salarial,de R$ 30.001/mês a R$ 40.000/mês,1,3,33.3
2025-2026,Norte,Júnior,Modelo 100% presencial,faixa_salarial,Menos de R$ 1.000/mês,2,5,40.0
2025-2026,Norte,Júnior,Modelo 100% presencial,faixa_salarial,de R$ 2.001/mês a R$ 3.000/mês,1,5,20.0
2025-2026,Norte,Júnior,Modelo 100% presencial,faixa_salarial,de R$ 3.001/mês a R$ 4.000/mês,2,5,40.0
2025-2026,Norte,Júnior,Modelo 100% remoto,faixa_salarial,de R$ 12.001/mês a R$ 16.000/mês,1,2,50.0
2025-2026,Norte,Júnior,Modelo 100% remoto,faixa_salarial,de R$ 2.001/mês a R$ 3.000/mês,1,2,50.0
2025-2026,Norte,Pleno,Modelo 100% presencial,faixa_salarial,de R$ 1.001/mês a R$ 2.000/mês,1,4,25.0
2025-2026,Norte,Pleno,Modelo 100% presencial,faixa_salarial,de R$ 2.001/mês a R$ 3.000/mês,1,4,25.0
2025-2026,Norte,Pleno,Modelo 100% presencial,faixa_salarial,de R$ 20.001/mês a R$ 25.000/mês,1,4,25.0
2025-2026,Norte,Pleno,Modelo 100% presencial,faixa_salarial,de R$ 3.001/mês a R$ 4.000/mês,1,4,25.0
2025-2026,Norte,Pleno,Modelo 100% remoto,faixa_salarial,de R$ 4.001/mês a R$ 6.000/mês,2,5,40.0
2025-2026,Norte,Pleno,Modelo 100% remoto,faixa_salarial,de R$ 6.001/mês a R$ 8.000/mês,2,5,40.0
2025-2026,Norte,Pleno,Modelo 100% remoto,faixa_salarial,de R$ 8.001/mês a R$ 12.000/mês,1,5,20.0
2025-2026,Norte,Pleno,Modelo híbrido flexível (o funcionário tem liberdade para escolher quando estar no escritório presencialmente),faixa_salarial,de R$ 6.001/mês a R$ 8.000/mês,1,1,100.0
2025-2026,Norte,Sênior,Modelo 100% remoto,faixa_salarial,Acima de R$ 40.001/mês,2,9,22.2
2025-2026,Norte,Sênior,Modelo 100% remoto,faixa_salarial,de R$ 12.001/mês a R$ 16.000/mês,1,9,11.1
2025-2026,Norte,Sênior,Modelo 100% remoto,faixa_salarial,de R$ 16.001/mês a R$ 20.000/mês,3,9,33.3
2025-2026,Norte,Sênior,Modelo 100% remoto,faixa_salarial,de R$ 8.001/mês a R$ 12.000/mês,3,9,33.3
2025-2026,Norte,Sênior,Modelo híbrido com dias fixos de trabalho presencial,faixa_salarial,de R$ 12.001/mês a R$ 16.000/mês,2,2,100.0
2025-2026,Norte,Sênior,Modelo híbrido flexível (o funcionário tem liberdade para escolher quando estar no escritório presencialmente),faixa_salarial,de R$ 16.001/mês a R$ 20.000/mês,1,1,100.0
2025-2026,Sudeste,Especialista/Staff+,Modelo 100% presencial,faixa_salarial,de R$ 12.001/mês a R$ 16.000/mês,6,21,28.6
2025-2026,Sudeste,Especialista/Staff+,Modelo 100% presencial,faixa_salarial,de R$ 16.001/mês a R$ 20.000/mês,3,21,14.3
2025-2026,Sudeste,Especialista/Staff+,Modelo 100% presencial,faixa_salarial,de R$ 20.001/mês a R$ 25.000/mês,1,21,4.8
2025-2026,Sudeste,Especialista/Staff+,Modelo 100% presencial,faixa_salarial,de R$ 25.001/mês a R$ 30.000/mês,1,21,4.8
2025-2026,Sudeste,Especialista/Staff+,Modelo 100% presencial,faixa_salarial,de R$ 8.001/mês a R$ 12.000/mês,10,21,47.6
2025-2026,Sudeste,Especialista/Staff+,Modelo 100% remoto,faixa_salarial,Acima de R$ 40.001/mês,8,115,7.0
2025-2026,Sudeste,Especialista/Staff+,Modelo 100% remoto,faixa_salarial,de R$ 12.001/mês a R$ 16.000/mês,30,115,26.1
2025-2026,Sudeste,Especialista/Staff+,Modelo 100% remoto,faixa_salarial,de R$ 16.001/mês a R$ 20.000/mês,35,115,30.4
2025-2026,Sudeste,Especialista/Staff+,Modelo 100% remoto,faixa_salarial,de R$ 20.001/mês a R$ 25.000/mês,18,115,15.7
2025-2026,Sudeste,Especialista/Staff+,Modelo 100% remoto,faixa_salarial,de R$ 25.001/mês a R$ 30.000/mês,6,115,5.2
2025-2026,Sudeste,Especialista/Staff+,Modelo 100% remoto,faixa_salarial,de R$ 30.001/mês a R$ 40.000/mês,11,115,9.6
2025-2026,Sudeste,Especialista/Staff+,Modelo 100% remoto,faixa_salarial,de R$ 6.001/mês a R$ 8.000/mês,1,115,0.9
2025-2026,Sudeste,Especialista/Staff+,Modelo 100% remoto,faixa_salarial,de R$ 8.001/mês a R$ 12.000/mês,6,115,5.2
2025-2026,Sudeste,Especialista/Staff+,Modelo híbrido com dias fixos de trabalho presencial,faixa_salarial,Acima de R$ 40.001/mês,1,49,2.0
2025-2026,Sudeste,Especialista/Staff+,Modelo híbrido com dias fixos de trabalho presencial,faixa_salarial,de R$ 12.001/mês a R$ 16.000/mês,16,49,32.7
2025-2026,Sudeste,Especialista/Staff+,Modelo híbrido com dias fixos de trabalho presencial,faixa_salarial,de R$ 16.001/mês a R$ 20.000/mês,8,49,16.3
2025-2026,Sudeste,Especialista/Staff+,Modelo híbrido com dias fixos de trabalho presencial,faixa_salarial,de R$ 20.001/mês a R$ 25.000/mês,8,49,16.3
2025-2026,Sudeste,Especialista/Staff+,Modelo híbrido com dias fixos de trabalho presencial,faixa_salarial,de R$ 25.001/mês a R$ 30.000/mês,2,49,4.1
2025-2026,Sudeste,Especialista/Staff+,Modelo híbrido com dias fixos de trabalho presencial,faixa_salarial,de R$ 30.001/mês a R$ 40.000/mês,4,49,8.2
2025-2026,Sudeste,Especialista/Staff+,Modelo híbrido com dias fixos de trabalho presencial,faixa_salarial,de R$ 6.001/mês a R$ 8.000/mês,1,49,2.0
2025-2026,Sudeste,Especialista/Staff+,Modelo híbrido com dias fixos de trabalho presencial,faixa_salarial,de R$ 8.001/mês a R$ 12.000/mês,9,49,18.4
2025-2026,Sudeste,Especialista/Staff+,Modelo híbrido flexível (o funcionário tem liberdade para escolher quando estar no escritório presencialmente),faixa_salarial,Acima de R$ 40.001/mês,6,60,10.0
2025-2026,Sudeste,Especialista/Staff+,Modelo híbrido flexível (o funcionário tem liberdade para escolher quando estar no escritório presencialmente),faixa_salarial,de R$ 12.001/mês a R$ 16.000/mês,16,60,26.7
2025-2026,Sudeste,Especialista/Staff+,Modelo híbrido flexível (o funcionário tem liberdade para escolher quando estar no escritório presencialmente),faixa_salarial,de R$ 16.001/mês a R$ 20.000/mês,14,60,23.3
2025-2026,Sudeste,Especialista/Staff+,Modelo híbrido flexível (o funcionário tem liberdade para escolher quando estar no escritório presencialmente),faixa_salarial,de R$ 20.001/mês a R$ 25.000/mês,5,60,8.3
2025-2026,Sudeste,Especialista/Staff+,Modelo híbrido flexível (o funcionário tem liberdade para escolher quando estar no escritório presencialmente),faixa_salarial,de R$ 25.001/mês a R$ 30.000/mês,7,60,11.7
2025-2026,Sudeste,Especialista/Staff+,Modelo híbrido flexível (o funcionário tem liberdade para escolher quando estar no escritório presencialmente),faixa_salarial,de R$ 30.001/mês a R$ 40.000/mês,4,60,6.7
2025-2026,Sudeste,Especialista/Staff+,Modelo híbrido flexível (o funcionário tem liberdade para escolher quando estar no escritório presencialmente),faixa_salarial,de R$ 6.001/mês a R$ 8.000/mês,4,60,6.7
2025-2026,Sudeste,Especialista/Staff+,Modelo híbrido flexível (o funcionário tem liberdade para escolher quando estar no escritório presencialmente),faixa_salarial,de R$ 8.001/mês a R$ 12.000/mês,4,60,6.7
2025-2026,Sudeste,Júnior,Modelo 100% presencial,faixa_salarial,Menos de R$ 1.000/mês,5,100,5.0
2025-2026,Sudeste,Júnior,Modelo 100% presencial,faixa_salarial,de R$ 1.001/mês a R$ 2.000/mês,23,100,23.0
2025-2026,Sudeste,Júnior,Modelo 100% presencial,faixa_salarial,de R$ 2.001/mês a R$ 3.000/mês,21,100,21.0
2025-2026,Sudeste,Júnior,Modelo 100% presencial,faixa_salarial,de R$ 3.001/mês a R$ 4.000/mês,12,100,12.0
2025-2026,Sudeste,Júnior,Modelo 100% presencial,faixa_salarial,de R$ 4.001/mês a R$ 6.000/mês,27,100,27.0
2025-2026,Sudeste,Júnior,Modelo 100% presencial,faixa_salarial,de R$ 6.001/mês a R$ 8.000/mês,8,100,8.0
2025-2026,Sudeste,Júnior,Modelo 100% presencial,faixa_salarial,de R$ 8.001/mês a R$ 12.000/mês,4,100,4.0
2025-2026,Sudeste,Júnior,Modelo 100% remoto,faixa_salarial,de R$ 1.001/mês a R$ 2.000/mês,11,71,15.5
2025-2026,Sudeste,Júnior,Modelo 100% remoto,faixa_salarial,de R$ 12.001/mês a R$ 16.000/mês,1,71,1.4
2025-2026,Sudeste,Júnior,Modelo 100% remoto,faixa_salarial,de R$ 2.001/mês a R$ 3.000/mês,11,71,15.5
2025-2026,Sudeste,Júnior,Modelo 100% remoto,faixa_salarial,de R$ 20.001/mês a R$ 25.000/mês,1,71,1.4
2025-2026,Sudeste,Júnior,Modelo 100% remoto,faixa_salarial,de R$ 3.001/mês a R$ 4.000/mês,10,71,14.1
2025-2026,Sudeste,Júnior,Modelo 100% remoto,faixa_salarial,de R$ 4.001/mês a R$ 6.000/mês,25,71,35.2
2025-2026,Sudeste,Júnior,Modelo 100% remoto,faixa_salarial,de R$ 6.001/mês a R$ 8.000/mês,7,71,9.9
2025-2026,Sudeste,Júnior,Modelo 100% remoto,faixa_salarial,de R$ 8.001/mês a R$ 12.000/mês,5,71,7.0
2025-2026,Sudeste,Júnior,Modelo híbrido com dias fixos de trabalho presencial,faixa_salarial,Menos de R$ 1.000/mês,1,81,1.2
2025-2026,Sudeste,Júnior,Modelo híbrido com dias fixos de trabalho presencial,faixa_salarial,de R$ 1.001/mês a R$ 2.000/mês,13,81,16.0
2025-2026,Sudeste,Júnior,Modelo híbrido com dias fixos de trabalho presencial,faixa_salarial,de R$ 12.001/mês a R$ 16.000/mês,1,81,1.2
2025-2026,Sudeste,Júnior,Modelo híbrido com dias fixos de trabalho presencial,faixa_salarial,de R$ 2.001/mês a R$ 3.000/mês,15,81,18.5
2025-2026,Sudeste,Júnior,Modelo híbrido com dias fixos de trabalho presencial,faixa_salarial,de R$ 3.001/mês a R$ 4.000/mês,15,81,18.5
2025-2026,Sudeste,Júnior,Modelo híbrido com dias fixos de trabalho presencial,faixa_salarial,de R$ 4.001/mês a R$ 6.000/mês,17,81,21.0
2025-2026,Sudeste,Júnior,Modelo híbrido com dias fixos de trabalho presencial,faixa_salarial,de R$ 6.001/mês a R$ 8.000/mês,11,81,13.6
2025-2026,Sudeste,Júnior,Modelo híbrido com dias fixos de trabalho presencial,faixa_salarial,de R$ 8.001/mês a R$ 12.000/mês,8,81,9.9
2025-2026,Sudeste,Júnior,Modelo híbrido flexível (o funcionário tem liberdade para escolher quando estar no escritório presencialmente),faixa_salarial,de R$ 1.001/mês a R$ 2.000/mês,10,60,16.7
2025-2026,Sudeste,Júnior,Modelo híbrido flexível (o funcionário tem liberdade para escolher quando estar no escritório presencialmente),faixa_salarial,de R$ 12.001/mês a R$ 16.000/mês,1,60,1.7
2025-2026,Sudeste,Júnior,Modelo híbrido flexível (o funcionário tem liberdade para escolher quando estar no escritório presencialmente),faixa_salarial,de R$ 2.001/mês a R$ 3.000/mês,10,60,16.7
2025-2026,Sudeste,Júnior,Modelo híbrido flexível (o funcionário tem liberdade para escolher quando estar no escritório presencialmente),faixa_salarial,de R$ 3.001/mês a R$ 4.000/mês,10,60,16.7
2025-2026,Sudeste,Júnior,Modelo híbrido flexível (o funcionário tem liberdade para escolher quando estar no escritório presencialmente),faixa_salarial,de R$ 4.001/mês a R$ 6.000/mês,15,60,25.0
2025-2026,Sudeste,Júnior,Modelo híbrido flexível (o funcionário tem liberdade para escolher quando estar no escritório presencialmente),faixa_salarial,de R$ 6.001/mês a R$ 8.000/mês,10,60,16.7
2025-2026,Sudeste,Júnior,Modelo híbrido flexível (o funcionário tem liberdade para escolher quando estar no escritório presencialmente),faixa_salarial,de R$ 8.001/mês a R$ 12.000/mês,4,60,6.7
2025-2026,Sudeste,Pleno,Modelo 100% presencial,faixa_salarial,de R$ 1.001/mês a R$ 2.000/mês,4,86,4.7
2025-2026,Sudeste,Pleno,Modelo 100% presencial,faixa_salarial,de R$ 12.001/mês a R$ 16.000/mês,6,86,7.0
2025-2026,Sudeste,Pleno,Modelo 100% presencial,faixa_salarial,de R$ 2.001/mês a R$ 3.000/mês,9,86,10.5
2025-2026,Sudeste,Pleno,Modelo 100% presencial,faixa_salarial,de R$ 3.001/mês a R$ 4.000/mês,14,86,16.3
2025-2026,Sudeste,Pleno,Modelo 100% presencial,faixa_salarial,de R$ 4.001/mês a R$ 6.000/mês,22,86,25.6
2025-2026,Sudeste,Pleno,Modelo 100% presencial,faixa_salarial,de R$ 6.001/mês a R$ 8.000/mês,14,86,16.3
2025-2026,Sudeste,Pleno,Modelo 100% presencial,faixa_salarial,de R$ 8.001/mês a R$ 12.000/mês,17,86,19.8
2025-2026,Sudeste,Pleno,Modelo 100% remoto,faixa_salarial,de R$ 12.001/mês a R$ 16.000/mês,20,165,12.1
2025-2026,Sudeste,Pleno,Modelo 100% remoto,faixa_salarial,de R$ 16.001/mês a R$ 20.000/mês,2,165,1.2
2025-2026,Sudeste,Pleno,Modelo 100% remoto,faixa_salarial,de R$ 2.001/mês a R$ 3.000/mês,3,165,1.8
2025-2026,Sudeste,Pleno,Modelo 100% remoto,faixa_salarial,de R$ 20.001/mês a R$ 25.000/mês,2,165,1.2
2025-2026,Sudeste,Pleno,Modelo 100% remoto,faixa_salarial,de R$ 25.001/mês a R$ 30.000/mês,1,165,0.6
2025-2026,Sudeste,Pleno,Modelo 100% remoto,faixa_salarial,de R$ 3.001/mês a R$ 4.000/mês,6,165,3.6
2025-2026,Sudeste,Pleno,Modelo 100% remoto,faixa_salarial,de R$ 4.001/mês a R$ 6.000/mês,33,165,20.0
2025-2026,Sudeste,Pleno,Modelo 100% remoto,faixa_salarial,de R$ 6.001/mês a R$ 8.000/mês,38,165,23.0
2025-2026,Sudeste,Pleno,Modelo 100% remoto,faixa_salarial,de R$ 8.001/mês a R$ 12.000/mês,60,165,36.4
2025-2026,Sudeste,Pleno,Modelo híbrido com dias fixos de trabalho presencial,faixa_salarial,de R$ 12.001/mês a R$ 16.000/mês,4,104,3.8
2025-2026,Sudeste,Pleno,Modelo híbrido com dias fixos de trabalho presencial,faixa_salarial,de R$ 2.001/mês a R$ 3.000/mês,2,104,1.9
2025-2026,Sudeste,Pleno,Modelo híbrido com dias fixos de trabalho presencial,faixa_salarial,de R$ 3.001/mês a R$ 4.000/mês,5,104,4.8
2025-2026,Sudeste,Pleno,Modelo híbrido com dias fixos de trabalho presencial,faixa_salarial,de R$ 4.001/mês a R$ 6.000/mês,20,104,19.2
2025-2026,Sudeste,Pleno,Modelo híbrido com dias fixos de trabalho presencial,faixa_salarial,de R$ 6.001/mês a R$ 8.000/mês,28,104,26.9
2025-2026,Sudeste,Pleno,Modelo híbrido com dias fixos de trabalho presencial,faixa_salarial,de R$ 8.001/mês a R$ 12.000/mês,45,104,43.3
2025-2026,Sudeste,Pleno,Modelo híbrido flexível (o funcionário tem liberdade para escolher quando estar no escritório presencialmente),faixa_salarial,de R$ 12.001/mês a R$ 16.000/mês,8,109,7.3
2025-2026,Sudeste,Pleno,Modelo híbrido flexível (o funcionário tem liberdade para escolher quando estar no escritório presencialmente),faixa_salarial,de R$ 2.001/mês a R$ 3.000/mês,1,109,0.9
2025-2026,Sudeste,Pleno,Modelo híbrido flexível (o funcionário tem liberdade para escolher quando estar no escritório presencialmente),faixa_salarial,de R$ 25.001/mês a R$ 30.000/mês,1,109,0.9
2025-2026,Sudeste,Pleno,Modelo híbrido flexível (o funcionário tem liberdade para escolher quando estar no escritório presencialmente),faixa_salarial,de R$ 3.001/mês a R$ 4.000/mês,2,109,1.8
2025-2026,Sudeste,Pleno,Modelo híbrido flexível (o funcionário tem liberdade para escolher quando estar no escritório presencialmente),faixa_salarial,de R$ 4.001/mês a R$ 6.000/mês,20,109,18.3
2025-2026,Sudeste,Pleno,Modelo híbrido flexível (o funcionário tem liberdade para escolher quando estar no escritório presencialmente),faixa_salarial,de R$ 6.001/mês a R$ 8.000/mês,38,109,34.9
2025-2026,Sudeste,Pleno,Modelo híbrido flexível (o funcionário tem liberdade para escolher quando estar no escritório presencialmente),faixa_salarial,de R$ 8.001/mês a R$ 12.000/mês,39,109,35.8
2025-2026,Sudeste,Sênior,Modelo 100% presencial,faixa_salarial,Acima de R$ 40.001/mês,1,66,1.5
2025-2026,Sudeste,Sênior,Modelo 100% presencial,faixa_salarial,de R$ 1.001/mês a R$ 2.000/mês,1,66,1.5
2025-2026,Sudeste,Sênior,Modelo 100% presencial,faixa_salarial,de R$ 12.001/mês a R$ 16.000/mês,9,66,13.6
2025-2026,Sudeste,Sênior,Modelo 100% presencial,faixa_salarial,de R$ 16.001/mês a R$ 20.000/mês,3,66,4.5
2025-2026,Sudeste,Sênior,Modelo 100% presencial,faixa_salarial,de R$ 2.001/mês a R$ 3.000/mês,3,66,4.5
2025-2026,Sudeste,Sênior,Modelo 100% presencial,faixa_salarial,de R$ 25.001/mês a R$ 30.000/mês,1,66,1.5
2025-2026,Sudeste,Sênior,Modelo 100% presencial,faixa_salarial,de R$ 3.001/mês a R$ 4.000/mês,4,66,6.1
2025-2026,Sudeste,Sênior,Modelo 100% presencial,faixa_salarial,de R$ 30.001/mês a R$ 40.000/mês,1,66,1.5
2025-2026,Sudeste,Sênior,Modelo 100% presencial,faixa_salarial,de R$ 4.001/mês a R$ 6.000/mês,6,66,9.1
2025-2026,Sudeste,Sênior,Modelo 100% presencial,faixa_salarial,de R$ 6.001/mês a R$ 8.000/mês,11,66,16.7
2025-2026,Sudeste,Sênior,Modelo 100% presencial,faixa_salarial,de R$ 8.001/mês a R$ 12.000/mês,26,66,39.4
2025-2026,Sudeste,Sênior,Modelo 100% remoto,faixa_salarial,Acima de R$ 40.001/mês,8,241,3.3
2025-2026,Sudeste,Sênior,Modelo 100% remoto,faixa_salarial,de R$ 12.001/mês a R$ 16.000/mês,58,241,24.1
2025-2026,Sudeste,Sênior,Modelo 100% remoto,faixa_salarial,de R$ 16.001/mês a R$ 20.000/mês,36,241,14.9
2025-2026,Sudeste,Sênior,Modelo 100% remoto,faixa_salarial,de R$ 2.001/mês a R$ 3.000/mês,1,241,0.4
2025-2026,Sudeste,Sênior,Modelo 100% remoto,faixa_salarial,de R$ 20.001/mês a R$ 25.000/mês,14,241,5.8
2025-2026,Sudeste,Sênior,Modelo 100% remoto,faixa_salarial,de R$ 25.001/mês a R$ 30.000/mês,8,241,3.3
2025-2026,Sudeste,Sênior,Modelo 100% remoto,faixa_salarial,de R$ 3.001/mês a R$ 4.000/mês,3,241,1.2
2025-2026,Sudeste,Sênior,Modelo 100% remoto,faixa_salarial,de R$ 30.001/mês a R$ 40.000/mês,11,241,4.6
2025-2026,Sudeste,Sênior,Modelo 100% remoto,faixa_salarial,de R$ 4.001/mês a R$ 6.000/mês,7,241,2.9
2025-2026,Sudeste,Sênior,Modelo 100% remoto,faixa_salarial,de R$ 6.001/mês a R$ 8.000/mês,15,241,6.2
2025-2026,Sudeste,Sênior,Modelo 100% remoto,faixa_salarial,de R$ 8.001/mês a R$ 12.000/mês,80,241,33.2
2025-2026,Sudeste,Sênior,Modelo híbrido com dias fixos de trabalho presencial,faixa_salarial,de R$ 12.001/mês a R$ 16.000/mês,26,118,22.0
2025-2026,Sudeste,Sênior,Modelo híbrido com dias fixos de trabalho presencial,faixa_salarial,de R$ 16.001/mês a R$ 20.000/mês,16,118,13.6
2025-2026,Sudeste,Sênior,Modelo híbrido com dias fixos de trabalho presencial,faixa_salarial,de R$ 20.001/mês a R$ 25.000/mês,9,118,7.6
2025-2026,Sudeste,Sênior,Modelo híbrido com dias fixos de trabalho presencial,faixa_salarial,de R$ 25.001/mês a R$ 30.000/mês,4,118,3.4
2025-2026,Sudeste,Sênior,Modelo híbrido com dias fixos de trabalho presencial,faixa_salarial,de R$ 4.001/mês a R$ 6.000/mês,3,118,2.5
2025-2026,Sudeste,Sênior,Modelo híbrido com dias fixos de trabalho presencial,faixa_salarial,de R$ 6.001/mês a R$ 8.000/mês,9,118,7.6
2025-2026,Sudeste,Sênior,Modelo híbrido com dias fixos de trabalho presencial,faixa_salarial,de R$ 8.001/mês a R$ 12.000/mês,51,118,43.2
2025-2026,Sudeste,Sênior,Modelo híbrido flexível (o funcionário tem liberdade para escolher quando estar no escritório presencialmente),faixa_salarial,de R$ 12.001/mês a R$ 16.000/mês,28,101,27.7
2025-2026,Sudeste,Sênior,Modelo híbrido flexível (o funcionário tem liberdade para escolher quando estar no escritório presencialmente),faixa_salarial,de R$ 16.001/mês a R$ 20.000/mês,14,101,13.9
2025-2026,Sudeste,Sênior,Modelo híbrido flexível (o funcionário tem liberdade para escolher quando estar no escritório presencialmente),faixa_salarial,de R$ 2.001/mês a R$ 3.000/mês,1,101,1.0
2025-2026,Sudeste,Sênior,Modelo híbrido flexível (o funcionário tem liberdade para escolher quando estar no escritório presencialmente),faixa_salarial,de R$ 20.001/mês a R$ 25.000/mês,8,101,7.9
2025-2026,Sudeste,Sênior,Modelo híbrido flexível (o funcionário tem liberdade para escolher quando estar no escritório presencialmente),faixa_salarial,de R$ 25.001/mês a R$ 30.000/mês,2,101,2.0
2025-2026,Sudeste,Sênior,Modelo híbrido flexível (o funcionário tem liberdade para escolher quando estar no escritório presencialmente),faixa_salarial,de R$ 30.001/mês a R$ 40.000/mês,1,101,1.0
2025-2026,Sudeste,Sênior,Modelo híbrido flexível (o funcionário tem liberdade para escolher quando estar no escritório presencialmente),faixa_salarial,de R$ 4.001/mês a R$ 6.000/mês,3,101,3.0
2025-2026,Sudeste,Sênior,Modelo híbrido flexível (o funcionário tem liberdade para escolher quando estar no escritório presencialmente),faixa_salarial,de R$ 6.001/mês a R$ 8.000/mês,8,101,7.9
2025-2026,Sudeste,Sênior,Modelo híbrido flexível (o funcionário tem liberdade para escolher quando estar no escritório presencialmente),faixa_salarial,de R$ 8.001/mês a R$ 12.000/mês,36,101,35.6
2025-2026,Sul,Especialista/Staff+,Modelo 100% presencial,faixa_salarial,de R$ 12.001/mês a R$ 16.000/mês,2,7,28.6
2025-2026,Sul,Especialista/Staff+,Modelo 100% presencial,faixa_salarial,de R$ 20.001/mês a R$ 25.000/mês,1,7,14.3
2025-2026,Sul,Especialista/Staff+,Modelo 100% presencial,faixa_salarial,de R$ 6.001/mês a R$ 8.000/mês,1,7,14.3
2025-2026,Sul,Especialista/Staff+,Modelo 100% presencial,faixa_salarial,de R$ 8.001/mês a R$ 12.000/mês,3,7,42.9
2025-2026,Sul,Especialista/Staff+,Modelo 100% remoto,faixa_salarial,Acima de R$ 40.001/mês,2,38,5.3
2025-2026,Sul,Especialista/Staff+,Modelo 100% remoto,faixa_salarial,de R$ 12.001/mês a R$ 16.000/mês,9,38,23.7
2025-2026,Sul,Especialista/Staff+,Modelo 100% remoto,faixa_salarial,de R$ 16.001/mês a R$ 20.000/mês,10,38,26.3
2025-2026,Sul,Especialista/Staff+,Modelo 100% remoto,faixa_salarial,de R$ 20.001/mês a R$ 25.000/mês,6,38,15.8
2025-2026,Sul,Especialista/Staff+,Modelo 100% remoto,faixa_salarial,de R$ 25.001/mês a R$ 30.000/mês,4,38,10.5
2025-2026,Sul,Especialista/Staff+,Modelo 100% remoto,faixa_salarial,de R$ 30.001/mês a R$ 40.000/mês,4,38,10.5
2025-2026,Sul,Especialista/Staff+,Modelo 100% remoto,faixa_salarial,de R$ 8.001/mês a R$ 12.000/mês,3,38,7.9
2025-2026,Sul,Especialista/Staff+,Modelo híbrido com dias fixos de trabalho presencial,faixa_salarial,de R$ 12.001/mês a R$ 16.000/mês,1,10,10.0
2025-2026,Sul,Especialista/Staff+,Modelo híbrido com dias fixos de trabalho presencial,faixa_salarial,de R$ 20.001/mês a R$ 25.000/mês,1,10,10.0
2025-2026,Sul,Especialista/Staff+,Modelo híbrido com dias fixos de trabalho presencial,faixa_salarial,de R$ 25.001/mês a R$ 30.000/mês,1,10,10.0
2025-2026,Sul,Especialista/Staff+,Modelo híbrido com dias fixos de trabalho presencial,faixa_salarial,de R$ 4.001/mês a R$ 6.000/mês,2,10,20.0
2025-2026,Sul,Especialista/Staff+,Modelo híbrido com dias fixos de trabalho presencial,faixa_salarial,de R$ 8.001/mês a R$ 12.000/mês,5,10,50.0
2025-2026,Sul,Especialista/Staff+,Modelo híbrido flexível (o funcionário tem liberdade para escolher quando estar no escritório presencialmente),faixa_salarial,de R$ 8.001/mês a R$ 12.000/mês,1,1,100.0
2025-2026,Sul,Júnior,Modelo 100% presencial,faixa_salarial,Menos de R$ 1.000/mês,2,35,5.7
2025-2026,Sul,Júnior,Modelo 100% presencial,faixa_salarial,de R$ 1.001/mês a R$ 2.000/mês,6,35,17.1
2025-2026,Sul,Júnior,Modelo 100% presencial,faixa_salarial,de R$ 12.001/mês a R$ 16.000/mês,1,35,2.9
2025-2026,Sul,Júnior,Modelo 100% presencial,faixa_salarial,de R$ 2.001/mês a R$ 3.000/mês,9,35,25.7
2025-2026,Sul,Júnior,Modelo 100% presencial,faixa_salarial,de R$ 3.001/mês a R$ 4.000/mês,10,35,28.6
2025-2026,Sul,Júnior,Modelo 100% presencial,faixa_salarial,de R$ 4.001/mês a R$ 6.000/mês,6,35,17.1
2025-2026,Sul,Júnior,Modelo 100% presencial,faixa_salarial,de R$ 8.001/mês a R$ 12.000/mês,1,35,2.9
2025-2026,Sul,Júnior,Modelo 100% remoto,faixa_salarial,de R$ 1.001/mês a R$ 2.000/mês,4,23,17.4
2025-2026,Sul,Júnior,Modelo 100% remoto,faixa_salarial,de R$ 12.001/mês a R$ 16.000/mês,1,23,4.3
2025-2026,Sul,Júnior,Modelo 100% remoto,faixa_salarial,de R$ 2.001/mês a R$ 3.000/mês,3,23,13.0
2025-2026,Sul,Júnior,Modelo 100% remoto,faixa_salarial,de R$ 3.001/mês a R$ 4.000/mês,8,23,34.8
2025-2026,Sul,Júnior,Modelo 100% remoto,faixa_salarial,de R$ 4.001/mês a R$ 6.000/mês,3,23,13.0
2025-2026,Sul,Júnior,Modelo 100% remoto,faixa_salarial,de R$ 6.001/mês a R$ 8.000/mês,2,23,8.7
2025-2026,Sul,Júnior,Modelo 100% remoto,faixa_salarial,de R$ 8.001/mês a R$ 12.000/mês,2,23,8.7
2025-2026,Sul,Júnior,Modelo híbrido com dias fixos de trabalho presencial,faixa_salarial,de R$ 1.001/mês a R$ 2.000/mês,4,15,26.7
2025-2026,Sul,Júnior,Modelo híbrido com dias fixos de trabalho presencial,faixa_salarial,de R$ 12.001/mês a R$ 16.000/mês,1,15,6.7
2025-2026,Sul,Júnior,Modelo híbrido com dias fixos de trabalho presencial,faixa_salarial,de R$ 2.001/mês a R$ 3.000/mês,2,15,13.3
2025-2026,Sul,Júnior,Modelo híbrido com dias fixos de trabalho presencial,faixa_salarial,de R$ 3.001/mês a R$ 4.000/mês,4,15,26.7
2025-2026,Sul,Júnior,Modelo híbrido com dias fixos de trabalho presencial,faixa_salarial,de R$ 4.001/mês a R$ 6.000/mês,3,15,20.0
2025-2026,Sul,Júnior,Modelo híbrido com dias fixos de trabalho presencial,faixa_salarial,de R$ 8.001/mês a R$ 12.000/mês,1,15,6.7
2025-2026,Sul,Júnior,Modelo híbrido flexível (o funcionário tem liberdade para escolher quando estar no escritório presencialmente),faixa_salarial,de R$ 1.001/mês a R$ 2.000/mês,3,9,33.3
2025-2026,Sul,Júnior,Modelo híbrido flexível (o funcionário tem liberdade para escolher quando estar no escritório presencialmente),faixa_salarial,de R$ 3.001/mês a R$ 4.000/mês,2,9,22.2
2025-2026,Sul,Júnior,Modelo híbrido flexível (o funcionário tem liberdade para escolher quando estar no escritório presencialmente),faixa_salarial,de R$ 4.001/mês a R$ 6.000/mês,3,9,33.3
2025-2026,Sul,Júnior,Modelo híbrido flexível (o funcionário tem liberdade para escolher quando estar no escritório presencialmente),faixa_salarial,de R$ 8.001/mês a R$ 12.000/mês,1,9,11.1
2025-2026,Sul,Pleno,Modelo 100% presencial,faixa_salarial,de R$ 12.001/mês a R$ 16.000/mês,3,36,8.3
2025-2026,Sul,Pleno,Modelo 100% presencial,faixa_salarial,de R$ 2.001/mês a R$ 3.000/mês,1,36,2.8
2025-2026,Sul,Pleno,Modelo 100% presencial,faixa_salarial,de R$ 3.001/mês a R$ 4.000/mês,5,36,13.9
2025-2026,Sul,Pleno,Modelo 100% presencial,faixa_salarial,de R$ 4.001/mês a R$ 6.000/mês,12,36,33.3
2025-2026,Sul,Pleno,Modelo 100% presencial,faixa_salarial,de R$ 6.001/mês a R$ 8.000/mês,11,36,30.6
2025-2026,Sul,Pleno,Modelo 100% presencial,faixa_salarial,de R$ 8.001/mês a R$ 12.000/mês,4,36,11.1
2025-2026,Sul,Pleno,Modelo 100% remoto,faixa_salarial,de R$ 1.001/mês a R$ 2.000/mês,1,61,1.6
2025-2026,Sul,Pleno,Modelo 100% remoto,faixa_salarial,de R$ 12.001/mês a R$ 16.000/mês,6,61,9.8
2025-2026,Sul,Pleno,Modelo 100% remoto,faixa_salarial,de R$ 16.001/mês a R$ 20.000/mês,2,61,3.3
2025-2026,Sul,Pleno,Modelo 100% remoto,faixa_salarial,de R$ 3.001/mês a R$ 4.000/mês,1,61,1.6
2025-2026,Sul,Pleno,Modelo 100% remoto,faixa_salarial,de R$ 30.001/mês a R$ 40.000/mês,3,61,4.9
2025-2026,Sul,Pleno,Modelo 100% remoto,faixa_salarial,de R$ 4.001/mês a R$ 6.000/mês,4,61,6.6
2025-2026,Sul,Pleno,Modelo 100% remoto,faixa_salarial,de R$ 6.001/mês a R$ 8.000/mês,18,61,29.5
2025-2026,Sul,Pleno,Modelo 100% remoto,faixa_salarial,de R$ 8.001/mês a R$ 12.000/mês,26,61,42.6
2025-2026,Sul,Pleno,Modelo híbrido com dias fixos de trabalho presencial,faixa_salarial,de R$ 12.001/mês a R$ 16.000/mês,1,18,5.6
2025-2026,Sul,Pleno,Modelo híbrido com dias fixos de trabalho presencial,faixa_salarial,de R$ 3.001/mês a R$ 4.000/mês,2,18,11.1
2025-2026,Sul,Pleno,Modelo híbrido com dias fixos de trabalho presencial,faixa_salarial,de R$ 4.001/mês a R$ 6.000/mês,9,18,50.0
2025-2026,Sul,Pleno,Modelo híbrido com dias fixos de trabalho presencial,faixa_salarial,de R$ 6.001/mês a R$ 8.000/mês,2,18,11.1
2025-2026,Sul,Pleno,Modelo híbrido com dias fixos de trabalho presencial,faixa_salarial,de R$ 8.001/mês a R$ 12.000/mês,4,18,22.2
2025-2026,Sul,Pleno,Modelo híbrido flexível (o funcionário tem liberdade para escolher quando estar no escritório presencialmente),faixa_salarial,de R$ 12.001/mês a R$ 16.000/mês,3,20,15.0
2025-2026,Sul,Pleno,Modelo híbrido flexível (o funcionário tem liberdade para escolher quando estar no escritório presencialmente),faixa_salarial,de R$ 3.001/mês a R$ 4.000/mês,1,20,5.0
2025-2026,Sul,Pleno,Modelo híbrido flexível (o funcionário tem liberdade para escolher quando estar no escritório presencialmente),faixa_salarial,de R$ 4.001/mês a R$ 6.000/mês,4,20,20.0
2025-2026,Sul,Pleno,Modelo híbrido flexível (o funcionário tem liberdade para escolher quando estar no escritório presencialmente),faixa_salarial,de R$ 6.001/mês a R$ 8.000/mês,7,20,35.0
2025-2026,Sul,Pleno,Modelo híbrido flexível (o funcionário tem liberdade para escolher quando estar no escritório presencialmente),faixa_salarial,de R$ 8.001/mês a R$ 12.000/mês,5,20,25.0
2025-2026,Sul,Sênior,Modelo 100% presencial,faixa_salarial,de R$ 12.001/mês a R$ 16.000/mês,1,22,4.5
2025-2026,Sul,Sênior,Modelo 100% presencial,faixa_salarial,de R$ 16.001/mês a R$ 20.000/mês,2,22,9.1
2025-2026,Sul,Sênior,Modelo 100% presencial,faixa_salarial,de R$ 4.001/mês a R$ 6.000/mês,3,22,13.6
2025-2026,Sul,Sênior,Modelo 100% presencial,faixa_salarial,de R$ 6.001/mês a R$ 8.000/mês,10,22,45.5
2025-2026,Sul,Sênior,Modelo 100% presencial,faixa_salarial,de R$ 8.001/mês a R$ 12.000/mês,6,22,27.3
2025-2026,Sul,Sênior,Modelo 100% remoto,faixa_salarial,Acima de R$ 40.001/mês,3,78,3.8
2025-2026,Sul,Sênior,Modelo 100% remoto,faixa_salarial,de R$ 12.001/mês a R$ 16.000/mês,26,78,33.3
2025-2026,Sul,Sênior,Modelo 100% remoto,faixa_salarial,de R$ 16.001/mês a R$ 20.000/mês,9,78,11.5
2025-2026,Sul,Sênior,Modelo 100% remoto,faixa_salarial,de R$ 20.001/mês a R$ 25.000/mês,4,78,5.1
2025-2026,Sul,Sênior,Modelo 100% remoto,faixa_salarial,de R$ 25.001/mês a R$ 30.000/mês,5,78,6.4
2025-2026,Sul,Sênior,Modelo 100% remoto,faixa_salarial,de R$ 30.001/mês a R$ 40.000/mês,4,78,5.1
2025-2026,Sul,Sênior,Modelo 100% remoto,faixa_salarial,de R$ 4.001/mês a R$ 6.000/mês,2,78,2.6
2025-2026,Sul,Sênior,Modelo 100% remoto,faixa_salarial,de R$ 6.001/mês a R$ 8.000/mês,9,78,11.5
2025-2026,Sul,Sênior,Modelo 100% remoto,faixa_salarial,de R$ 8.001/mês a R$ 12.000/mês,16,78,20.5
2025-2026,Sul,Sênior,Modelo híbrido com dias fixos de trabalho presencial,faixa_salarial,de R$ 12.001/mês a R$ 16.000/mês,4,20,20.0
2025-2026,Sul,Sênior,Modelo híbrido com dias fixos de trabalho presencial,faixa_salarial,de R$ 16.001/mês a R$ 20.000/mês,3,20,15.0
2025-2026,Sul,Sênior,Modelo híbrido com dias fixos de trabalho presencial,faixa_salarial,de R$ 4.001/mês a R$ 6.000/mês,1,20,5.0
2025-2026,Sul,Sênior,Modelo híbrido com dias fixos de trabalho presencial,faixa_salarial,de R$ 6.001/mês a R$ 8.000/mês,2,20,10.0
2025-2026,Sul,Sênior,Modelo híbrido com dias fixos de trabalho presencial,faixa_salarial,de R$ 8.001/mês a R$ 12.000/mês,10,20,50.0
2025-2026,Sul,Sênior,Modelo híbrido flexível (o funcionário tem liberdade para escolher quando estar no escritório presencialmente),faixa_salarial,de R$ 12.001/mês a R$ 16.000/mês,8,20,40.0
2025-2026,Sul,Sênior,Modelo híbrido flexível (o funcionário tem liberdade para escolher quando estar no escritório presencialmente),faixa_salarial,de R$ 16.001/mês a R$ 20.000/mês,4,20,20.0
2025-2026,Sul,Sênior,Modelo híbrido flexível (o funcionário tem liberdade para escolher quando estar no escritório presencialmente),faixa_salarial,de R$ 4.001/mês a R$ 6.000/mês,1,20,5.0
2025-2026,Sul,Sênior,Modelo híbrido flexível (o funcionário tem liberdade para escolher quando estar no escritório presencialmente),faixa_salarial,de R$ 6.001/mês a R$ 8.000/mês,2,20,10.0
2025-2026,Sul,Sênior,Modelo híbrido flexível (o funcionário tem liberdade para escolher quando estar no escritório presencialmente),faixa_salarial,de R$ 8.001/mês a R$ 12.000/mês,5,20,25.0
