categoria,categoria_nome,opcao,primeira_edicao,ultima_edicao,qtd_edicoes,pct_inicio,pct_fim,variacao_pp
banco_de_dados,Bancos de Dados,sqlite,2024-2025,2025-2026,2,6.3,12.3,6.0
banco_de_dados,Bancos de Dados,postgresql,2024-2025,2025-2026,2,31.4,36.8,5.4
banco_de_dados,Bancos de Dados,mysql,2024-2025,2025-2026,2,23.2,28.5,5.3
banco_de_dados,Bancos de Dados,s3,2024-2025,2025-2026,2,23.7,28.8,5.1
banco_de_dados,Bancos de Dados,sql_server,2024-2025,2025-2026,2,29.3,33.5,4.2
banco_de_dados,Bancos de Dados,mongodb,2024-2025,2025-2026,2,11.5,14.8,3.3
banco_de_dados,Bancos de Dados,redis,2024-2025,2025-2026,2,3.2,6.2,3.0
banco_de_dados,Bancos de Dados,snowflake,2024-2025,2025-2026,2,6.2,9.1,2.9
banco_de_dados,Bancos de Dados,databricks,2024-2025,2025-2026,2,31.1,32.9,1.8
banco_de_dados,Bancos de Dados,oracle,2024-2025,2025-2026,2,17.9,19.6,1.7
banco_de_dados,Bancos de Dados,amazon_aurora_ou_rds,2024-2025,2025-2026,2,6.6,8.2,1.6
banco_de_dados,Bancos de Dados,elasticsearch,2024-2025,2025-2026,2,4.3,5.8,1.5
banco_de_dados,Bancos de Dados,db2,2024-2025,2025-2026,2,2.2,3.5,1.3
banco_de_dados,Bancos de Dados,amazon_athena,2024-2025,2025-2026,2,14.0,15.2,1.2
banco_de_dados,Bancos de Dados,firebase,2024-2025,2025-2026,2,2.0,3.1,1.1
banco_de_dados,Bancos de Dados,dynamodb,2024-2025,2025-2026,2,6.5,7.6,1.1
banco_de_dados,Bancos de Dados,microsoft_access,2024-2025,2025-2026,2,3.3,4.3,1.0
banco_de_dados,Bancos de Dados,google_bigquery,2024-2025,2025-2026,2,26.2,27.0,0.8
banco_de_dados,Bancos de Dados,amazon_redshift,2024-2025,2025-2026,2,10.2,11.0,0.8
banco_de_dados,Bancos de Dados,mariadb,2024-2025,2025-2026,2,3.6,4.3,0.7
banco_de_dados,Bancos de Dados,sap_hana,2024-2025,2025-2026,2,5.3,5.9,0.6
banco_de_dados,Bancos de Dados,firebird,2024-2025,2025-2026,2,1.1,1.5,0.4
banco_de_dados,Bancos de Dados,neo4j,2024-2025,2025-2026,2,1.5,1.9,0.4
banco_de_dados,Bancos de Dados,cassandra,2024-2025,2025-2026,2,1.1,1.4,0.3
banco_de_dados,Bancos de Dados,hive,2024-2025,2025-2026,2,7.4,7.6,0.2
banco_de_dados,Bancos de Dados,google_firestore,2024-2025,2025-2026,2,1.6,1.8,0.2
banco_de_dados,Bancos de Dados,splunk,2024-2025,2025-2026,2,0.7,0.8,0.1
banco_de_dados,Bancos de Dados,datomic,2024-2025,2025-2026,2,0.5,0.6,0.1
banco_de_dados,Bancos de Dados,coachdb,2024-2025,2025-2026,2,0.2,0.3,0.1
banco_de_dados,Bancos de Dados,hbase,2024-2025,2025-2026,2,0.6,0.7,0.1
banco_de_dados,Bancos de Dados,presto,2024-2025,2025-2026,2,4.2,4.2,0.0
banco_de_dados,Bancos de Dados,sybase,2024-2025,2025-2026,2,0.6,0.6,0.0
banco_de_dados,Bancos de Dados,vertica,2024-2025,2025-2026,2,0.3,0.3,0.0
cloud,Cloud,amazon_web_services_aws,2024-2025,2025-2026,2,44.1,48.3,4.2
cloud,Cloud,azure_microsoft,2024-2025,2025-2026,2,30.9,34.8,3.9
cloud,Cloud,google_cloud_gcp,2024-2025,2025-2026,2,29.3,30.9,1.6
cloud,Cloud,oracle_cloud,2024-2025,2025-2026,2,4.0,4.5,0.5
cloud,Cloud,cloud_propria,2024-2025,2025-2026,2,5.3,5.4,0.1
cloud,Cloud,ibm,2024-2025,2025-2026,2,1.7,1.2,-0.5
cloud,Cloud,servidores_on_premise_nao_utilizamos_cloud,2023-2024,2025-2026,3,16.1,14.3,-1.8
ferramenta_etl_data_analyst,ETL - Data Analyst,scripts_python,2024-2025,2025-2026,2,50.6,57.9,7.3
ferramenta_etl_data_analyst,ETL - Data Analyst,sql_&_stored_procedures,2024-2025,2025-2026,2,48.0,53.3,5.3
ferramenta_etl_data_analyst,ETL - Data Analyst,sql_server_integration_services_ssis,2024-2025,2025-2026,2,4.9,5.8,0.9
ferramenta_etl_data_analyst,ETL - Data Analyst,databricks,2024-2025,2025-2026,2,22.8,23.5,0.7
ferramenta_etl_data_analyst,ETL - Data Analyst,fivetran,2024-2025,2025-2026,2,0.5,0.9,0.4
ferramenta_etl_data_analyst,ETL - Data Analyst,sap_bw_etl,2024-2025,2025-2026,2,0.5,0.9,0.4
ferramenta_etl_data_analyst,ETL - Data Analyst,knime,2024-2025,2025-2026,2,1.7,1.9,0.2
ferramenta_etl_data_analyst,ETL - Data Analyst,oracle_data_integrator,2024-2025,2025-2026,2,1.0,1.2,0.2
ferramenta_etl_data_analyst,ETL - Data Analyst,aws_glue,2024-2025,2025-2026,2,4.1,4.2,0.1
ferramenta_etl_data_analyst,ETL - Data Analyst,stitch,2024-2025,2025-2026,2,0.2,0.3,0.1
ferramenta_etl_data_analyst,ETL - Data Analyst,talend,2024-2025,2025-2026,2,0.6,0.6,0.0
ferramenta_etl_data_analyst,ETL - Data Analyst,sas_data_integration,2024-2025,2025-2026,2,1.6,1.6,0.0
ferramenta_etl_data_analyst,ETL - Data Analyst,alteryx,2024-2025,2025-2026,2,2.2,2.0,-0.2
ferramenta_etl_data_analyst,ETL - Data Analyst,apache_nifi,2024-2025,2025-2026,2,0.5,0.3,-0.2
ferramenta_etl_data_analyst,ETL - Data Analyst,google_dataflow,2024-2025,2025-2026,2,2.5,2.2,-0.3
ferramenta_etl_data_analyst,ETL - Data Analyst,ibm_datastage,2024-2025,2025-2026,2,0.7,0.4,-0.3
ferramenta_etl_data_analyst,ETL - Data Analyst,qlik_sense,2024-2025,2025-2026,2,3.1,2.4,-0.7
ferramenta_etl_data_analyst,ETL - Data Analyst,pentaho,2024-2025,2025-2026,2,4.5,2.8,-1.7
ferramenta_etl_data_analyst,ETL - Data Analyst,nao_utilizo_ferramentas_de_etl,2024-2025,2025-2026,2,16.0,14.0,-2.0
ferramenta_etl_data_analyst,ETL - Data Analyst,apache_airflow,2024-2025,2025-2026,2,9.0,6.2,-2.8
ferramenta_etl_data_engineer,ETL - Data Engineer,scripts_python,2024-2025,2025-2026,2,81.9,86.6,4.7
ferramenta_etl_data_engineer,ETL - Data Engineer,aws_glue,2024-2025,2025-2026,2,19.5,21.7,2.2
ferramenta_etl_data_engineer,ETL - Data Engineer,fivetran,2024-2025,2025-2026,2,2.2,3.5,1.3
ferramenta_etl_data_engineer,ETL - Data Engineer,stitch,2024-2025,2025-2026,2,0.8,1.8,1.0
ferramenta_etl_data_engineer,ETL - Data Engineer,google_dataflow,2024-2025,2025-2026,2,8.0,8.8,0.8
ferramenta_etl_data_engineer,ETL - Data Engineer,pentaho,2024-2025,2025-2026,2,5.2,5.7,0.5
ferramenta_etl_data_engineer,ETL - Data Engineer,knime,2024-2025,2025-2026,2,1.1,1.6,0.5
ferramenta_etl_data_engineer,ETL - Data Engineer,alteryx,2024-2025,2025-2026,2,1.5,1.9,0.4
ferramenta_etl_data_engineer,ETL - Data Engineer,talend,2024-2025,2025-2026,2,1.0,1.4,0.4
ferramenta_etl_data_engineer,ETL - Data Engineer,qlik_sense,2024-2025,2025-2026,2,1.5,1.8,0.3
ferramenta_etl_data_engineer,ETL - Data Engineer,sap_bw_etl,2024-2025,2025-2026,2,0.9,1.2,0.3
ferramenta_etl_data_engineer,ETL - Data Engineer,ibm_datastage,2024-2025,2025-2026,2,1.1,1.1,0.0
ferramenta_etl_data_engineer,ETL - Data Engineer,sql_&_stored_procedures,2024-2025,2025-2026,2,69.0,68.9,-0.1
ferramenta_etl_data_engineer,ETL - Data Engineer,nao_utilizo_ferramentas_de_etl,2024-2025,2025-2026,2,1.5,1.1,-0.4
ferramenta_etl_data_engineer,ETL - Data Engineer,databricks,2024-2025,2025-2026,2,37.4,36.9,-0.5
ferramenta_etl_data_engineer,ETL - Data Engineer,apache_airflow,2024-2025,2025-2026,2,43.8,43.1,-0.7
ferramenta_etl_data_engineer,ETL - Data Engineer,sas_data_integration,2024-2025,2025-2026,2,1.5,0.7,-0.8
ferramenta_etl_data_engineer,ETL - Data Engineer,apache_nifi,2024-2025,2025-2026,2,4.4,3.5,-0.9
ferramenta_etl_data_engineer,ETL - Data Engineer,sql_server_integration_services_ssis,2024-2025,2025-2026,2,8.3,6.7,-1.6
ferramenta_etl_data_engineer,ETL - Data Engineer,oracle_data_integrator,2024-2025,2025-2026,2,3.0,1.2,-1.8
ferramenta_de_bi,Ferramentas de BI,amazon_quicksight,2023-2024,2025-2026,3,3.7,6.8,3.1
ferramenta_de_bi,Ferramentas de BI,microsoft_powerbi,2023-2024,2025-2026,3,57.1,59.0,1.9
ferramenta_de_bi,Ferramentas de BI,grafana,2024-2025,2025-2026,2,8.0,8.7,0.7
ferramenta_de_bi,Ferramentas de BI,nao_utilizo_nenhuma_ferramenta_de_bi_no_trabalho,2023-2024,2025-2026,3,10.8,11.4,0.6
ferramenta_de_bi,Ferramentas de BI,superset,2024-2025,2025-2026,2,2.7,3.2,0.5
ferramenta_de_bi,Ferramentas de BI,sap_business_objects_sap_analytics,2023-2024,2025-2026,3,2.1,2.4,0.3
ferramenta_de_bi,Ferramentas de BI,pentaho,2024-2025,2025-2026,2,3.1,3.2,0.1
ferramenta_de_bi,Ferramentas de BI,fazemos_todas_as_analises_utilizando_apenas_excel_ou_planilhas_do_google,2023-2024,2025-2026,3,10.4,10.3,-0.1
ferramenta_de_bi,Ferramentas de BI,salesforce_einstein_analytics,2023-2024,2025-2026,3,2.3,2.0,-0.3
ferramenta_de_bi,Ferramentas de BI,oracle_business_intelligence,2023-2024,2025-2026,3,1.3,0.9,-0.4
ferramenta_de_bi,Ferramentas de BI,metabase,2024-2025,2025-2026,2,8.8,8.4,-0.4
ferramenta_de_bi,Ferramentas de BI,sas_visual_analytics,2023-2024,2025-2026,3,2.3,1.7,-0.6
ferramenta_de_bi,Ferramentas de BI,alteryx,2023-2024,2025-2026,3,2.7,2.0,-0.7
ferramenta_de_bi,Ferramentas de BI,qlik_view_qlik_sense,2023-2024,2025-2026,3,5.1,4.3,-0.8
ferramenta_de_bi,Ferramentas de BI,redash,2023-2024,2025-2026,3,1.6,0.6,-1.0
ferramenta_de_bi,Ferramentas de BI,looker,2023-2024,2025-2026,3,23.8,22.6,-1.2
ferramenta_de_bi,Ferramentas de BI,looker_studiogoogle_data_studio,2023-2024,2025-2026,3,17.3,15.6,-1.7
ferramenta_de_bi,Ferramentas de BI,tableau,2024-2025,2025-2026,2,19.0,13.6,-5.4
linguagem_de_programacao,Linguagens de Programação,python,2023-2024,2024-2025,2,74.9,81.8,6.9
linguagem_de_programacao,Linguagens de Programação,sql,2023-2024,2024-2025,2,83.7,87.7,4.0
linguagem_de_programacao,Linguagens de Programação,rust,2023-2024,2024-2025,2,0.2,0.3,0.1
linguagem_de_programacao,Linguagens de Programação,julia,2023-2024,2024-2025,2,0.2,0.2,0.0
linguagem_de_programacao,Linguagens de Programação,scala,2023-2024,2024-2025,2,3.5,3.5,0.0
linguagem_de_programacao,Linguagens de Programação,net,2023-2024,2024-2025,2,1.1,0.9,-0.2
linguagem_de_programacao,Linguagens de Programação,matlab,2023-2024,2024-2025,2,0.8,0.6,-0.2
linguagem_de_programacao,Linguagens de Programação,sas_stata,2023-2024,2024-2025,2,4.0,3.6,-0.4
linguagem_de_programacao,Linguagens de Programação,c_c++_c#,2023-2024,2024-2025,2,1.9,1.3,-0.6
linguagem_de_programacao,Linguagens de Programação,php,2023-2024,2024-2025,2,1.5,0.9,-0.6
linguagem_de_programacao,Linguagens de Programação,r,2023-2024,2024-2025,2,10.8,9.8,-1.0
linguagem_de_programacao,Linguagens de Programação,javascript,2023-2024,2024-2025,2,7.5,6.2,-1.3
linguagem_de_programacao,Linguagens de Programação,java,2023-2024,2024-2025,2,9.4,8.1,-1.3
linguagem_de_programacao,Linguagens de Programação,visual_basic_vba,2023-2024,2024-2025,2,7.6,6.0,-1.6
