cargo_harmonizado,contagem,pct_na_dimensao
Analista de Dados/Data Analyst,599,23.95
Engenharia e Arquitetura de Dados,430,17.19
Cientista de Dados/Data Scientist,424,16.95
Analista de BI/BI Analyst,215,8.6
Outra Opção,206,8.24
Analista de Negócios/Business Analyst,141,5.64
Analytics Engineer,135,5.4
Desenvolvedor/ Engenheiro de Software/ Analista de Sistemas,106,4.24
Engenheiro de Machine Learning/ML Engineer/AI Engineer,106,4.24
Analista de Suporte/Analista Técnico,55,2.2
Data Product Manager/ Product Manager (PM/APM/DPM/GPM/PO),33,1.32
Outras Engenharias (não inclui dev),26,1.04
Professor/Pesquisador,16,0.64
Estatístico,9,0.36
