opcao,pct_2023_2024,pct_2025_2026,variacao_pp
retorno_sobre_investimento_roi_nao_comprovado_de_ia_generativa,15.3,28.4,13.1
dados_da_empresa_nao_estao_prontos_para_uso_de_ia_generativa,30.6,36.8,6.2
falta_de_expertise_ou_falta_de_recursos,34.8,38.8,4.0
falta_de_confiabilidade_das_saidas_alucinacao_dos_modelos,15.7,17.0,1.3
alta_direcao_da_empresa_nao_ve_valor_ou_nao_ve_como_prioridade,10.8,7.5,-3.3
preocupacoes_com_seguranca_e_privacidade_de_dados,31.8,27.8,-4.0
incerteza_em_relacao_a_regulamentacao,14.5,9.9,-4.6
falta_de_compreensao_dos_casos_de_uso,36.8,32.0,-4.8
preocupacoes_com_propriedade_intelectual,14.7,9.2,-5.5
